<?xml version="1.0" encoding="utf-8"?>
<CompatibilityEntry Name=".NET Framework 2.0 Service Pack 2"
                    Platform="Desktop" 
                    Version="2.0.2" 
                    Priority="3515">

  <Member>System.String.#Compare(System.String,System.String,System.Globalization.CultureInfo,System.Globalization.CompareOptions)</Member>
  <Member>System.String.#Compare(System.String,System.Int32,System.String,System.Int32,System.Int32,System.Globalization.CultureInfo,System.Globalization.CompareOptions)</Member>
  <Member>System.AppDomainManager.#CheckSecuritySettings(System.Security.SecurityState)</Member>
  <Type>System.GCNotificationStatus</Type>
  <Member>System.GC.#RegisterForFullGCNotification(System.Int32,System.Int32)</Member>
  <Member>System.GC.#CancelFullGCNotification()</Member>
  <Member>System.GC.#WaitForFullGCApproach()</Member>
  <Member>System.GC.#WaitForFullGCApproach(System.Int32)</Member>
  <Member>System.GC.#WaitForFullGCComplete()</Member>
  <Member>System.GC.#WaitForFullGCComplete(System.Int32)</Member>
  <Member>System.PlatformID.#Xbox</Member>
  <Member>System.PlatformID.#MacOSX</Member>
  <Member>System.Threading.WaitHandle.#WaitOne(System.Int32)</Member>
  <Member>System.Threading.WaitHandle.#WaitOne(System.TimeSpan)</Member>
  <Member>System.Threading.WaitHandle.#WaitAll(System.Threading.WaitHandle[],System.Int32)</Member>
  <Member>System.Threading.WaitHandle.#WaitAll(System.Threading.WaitHandle[],System.TimeSpan)</Member>
  <Member>System.Threading.WaitHandle.#WaitAny(System.Threading.WaitHandle[],System.Int32)</Member>
  <Member>System.Threading.WaitHandle.#WaitAny(System.Threading.WaitHandle[],System.TimeSpan)</Member>
  <Member>System.Reflection.MethodImplAttributes.#NoOptimization</Member>
  <Member>System.Security.Policy.AllMembershipCondition.#System.Security.Policy.IReportMatchMembershipCondition.Check(System.Security.Policy.Evidence,System.Object&amp;)</Member>
  <Member>System.Security.Policy.ApplicationDirectoryMembershipCondition.#System.Security.Policy.IReportMatchMembershipCondition.Check(System.Security.Policy.Evidence,System.Object&amp;)</Member>
  <Member>System.Security.Policy.SiteMembershipCondition.#System.Security.Policy.IReportMatchMembershipCondition.Check(System.Security.Policy.Evidence,System.Object&amp;)</Member>
  <Member>System.Security.Policy.StrongName.#System.Security.Policy.IDelayEvaluatedEvidence.get_IsVerified()</Member>
  <Member>System.Security.Policy.StrongName.#System.Security.Policy.IDelayEvaluatedEvidence.get_WasUsed()</Member>
  <Member>System.Security.Policy.StrongName.#System.Security.Policy.IDelayEvaluatedEvidence.MarkUsed()</Member>
  <Member>System.Security.Policy.StrongNameMembershipCondition.#System.Security.Policy.IReportMatchMembershipCondition.Check(System.Security.Policy.Evidence,System.Object&amp;)</Member>
  <Member>System.Security.Policy.UrlMembershipCondition.#System.Security.Policy.IReportMatchMembershipCondition.Check(System.Security.Policy.Evidence,System.Object&amp;)</Member>
  <Member>System.Security.Policy.ZoneMembershipCondition.#System.Security.Policy.IReportMatchMembershipCondition.Check(System.Security.Policy.Evidence,System.Object&amp;)</Member>
  <Member>System.Security.Policy.GacMembershipCondition.#System.Security.Policy.IReportMatchMembershipCondition.Check(System.Security.Policy.Evidence,System.Object&amp;)</Member>
  <Member>System.Security.Policy.HashMembershipCondition.#System.Security.Policy.IReportMatchMembershipCondition.Check(System.Security.Policy.Evidence,System.Object&amp;)</Member>
  <Member>System.Security.Policy.PublisherMembershipCondition.#System.Security.Policy.IReportMatchMembershipCondition.Check(System.Security.Policy.Evidence,System.Object&amp;)</Member>
  <Type>System.Runtime.InteropServices.AllowReversePInvokeCallsAttribute</Type>
  <Member>System.Runtime.CompilerServices.InternalsVisibleToAttribute.#get_AllInternalsVisible()</Member>
  <Member>System.Runtime.CompilerServices.InternalsVisibleToAttribute.#set_AllInternalsVisible(System.Boolean)</Member>
  <Member>System.Runtime.CompilerServices.MethodImplOptions.#NoOptimization</Member>
  <Type>System.Security.SecuritySafeCriticalAttribute</Type>
  <Type>System.Security.SecurityState</Type>
  <Type>System.Data.SqlTypes.SqlFileStream</Type>
  <Member>System.Deployment.Application.ApplicationDeployment.#CheckForDetailedUpdate(System.Boolean)</Member>
  <Member>System.Deployment.Application.ApplicationDeployment.#CheckForUpdate(System.Boolean)</Member>
  <Member>System.Deployment.Application.DeploymentServiceCom.#ActivateDeploymentEx(System.String,System.Int32,System.Int32)</Member>
  <Member>System.Deployment.Application.InPlaceHostingManager.#AssertApplicationRequirements(System.Boolean)</Member>
  <Member>System.Deployment.Application.InPlaceHostingManager.#UninstallCustomUXApplication(System.String)</Member>
  <Member>System.Deployment.Application.DownloadApplicationCompletedEventArgs.#get_ShortcutAppId()</Member>
  <Member>System.Web.UI.Design.WebControls.WizardDesigner.#OnComponentChanged(System.Object,System.ComponentModel.Design.ComponentChangedEventArgs)</Member>
  <Type>System.Web.UI.Design.WebControls.DataControlFieldDesigner</Type>
  <Type>System.ComponentModel.DateTimeOffsetConverter</Type>
  <Member>System.Net.ServicePoint.#SetTcpKeepAlive(System.Boolean,System.Int32,System.Int32)</Member>
  <Member>System.Net.ServicePointManager.#SetTcpKeepAlive(System.Boolean,System.Int32,System.Int32)</Member>
  <Member>System.Web.HttpContext.#RemapHandler(System.Web.IHttpHandler)</Member>
  <Member>System.Web.HttpRuntime.#get_UsingIntegratedPipeline()</Member>
  <Type>System.Web.Caching.CacheItemUpdateCallback</Type>
  <Type>System.Web.Caching.CacheItemUpdateReason</Type>
  <Member>System.Web.Caching.Cache.#Insert(System.String,System.Object,System.Web.Caching.CacheDependency,System.DateTime,System.TimeSpan,System.Web.Caching.CacheItemUpdateCallback)</Member>
  <Member>System.Web.Compilation.ClientBuildManagerCallback.#InitializeLifetimeService()</Member>
  <Member>System.Web.Configuration.BrowserCapabilitiesFactoryBase.#ConfigureCustomCapabilities(System.Collections.Specialized.NameValueCollection,System.Web.HttpBrowserCapabilities)</Member>
  <Type>System.Web.Configuration.CustomErrorsRedirectMode</Type>
  <Member>System.Web.Configuration.CustomErrorsSection.#get_RedirectMode()</Member>
  <Member>System.Web.Configuration.CustomErrorsSection.#set_RedirectMode(System.Web.Configuration.CustomErrorsRedirectMode)</Member>
  <Type>System.Web.Configuration.MachineKeyCompatibilityMode</Type>
  <Member>System.Web.Configuration.MachineKeySection.#get_CompatibilityMode()</Member>
  <Member>System.Web.Configuration.MachineKeySection.#set_CompatibilityMode(System.Web.Configuration.MachineKeyCompatibilityMode)</Member>
  <Member>System.Web.Configuration.PagesSection.#get_RenderAllHiddenFieldsAtTopOfForm()</Member>
  <Member>System.Web.Configuration.PagesSection.#set_RenderAllHiddenFieldsAtTopOfForm(System.Boolean)</Member>
  <Member>System.Web.UI.Page.#get_AutoPostBackControl()</Member>
  <Member>System.Web.UI.Page.#set_AutoPostBackControl(System.Web.UI.Control)</Member>
  <Member>System.Web.UI.Page.#get_IsPostBackEventControlRegistered()</Member>
  <Member>System.Web.UI.HtmlControls.HtmlForm.#get_Action()</Member>
  <Member>System.Web.UI.HtmlControls.HtmlForm.#set_Action(System.String)</Member>
  <Type>System.Web.UI.IAutoFieldGenerator</Type>
  <Type>System.Web.UI.IBindableControl</Type>
  <Member>System.Web.UI.WebControls.DataBoundControl.#get_DataSourceObject()</Member>
  <Member>System.Web.UI.WebControls.BoundField.#LoadViewState(System.Object)</Member>
  <Member>System.Web.UI.WebControls.Parameter.#.ctor(System.String,System.Data.DbType)</Member>
  <Member>System.Web.UI.WebControls.Parameter.#.ctor(System.String,System.Data.DbType,System.String)</Member>
  <Member>System.Web.UI.WebControls.Parameter.#get_DbType()</Member>
  <Member>System.Web.UI.WebControls.Parameter.#set_DbType(System.Data.DbType)</Member>
  <Member>System.Web.UI.WebControls.Parameter.#GetDatabaseType()</Member>
  <Member>System.Web.UI.WebControls.Parameter.#ConvertDbTypeToTypeCode(System.Data.DbType)</Member>
  <Member>System.Web.UI.WebControls.Parameter.#ConvertTypeCodeToDbType(System.TypeCode)</Member>
  <Member>System.Web.UI.WebControls.ControlParameter.#.ctor(System.String,System.Data.DbType,System.String,System.String)</Member>
  <Member>System.Web.UI.WebControls.CookieParameter.#.ctor(System.String,System.Data.DbType,System.String)</Member>
  <Type>System.Web.UI.WebControls.DataBoundControlMode</Type>
  <Member>System.Web.UI.WebControls.DetailsView.#get_EnableModelValidation()</Member>
  <Member>System.Web.UI.WebControls.DetailsView.#set_EnableModelValidation(System.Boolean)</Member>
  <Member>System.Web.UI.WebControls.DetailsView.#get_RowsGenerator()</Member>
  <Member>System.Web.UI.WebControls.DetailsView.#set_RowsGenerator(System.Web.UI.IAutoFieldGenerator)</Member>
  <Member>System.Web.UI.WebControls.FormParameter.#.ctor(System.String,System.Data.DbType,System.String)</Member>
  <Member>System.Web.UI.WebControls.FormView.#get_EnableModelValidation()</Member>
  <Member>System.Web.UI.WebControls.FormView.#set_EnableModelValidation(System.Boolean)</Member>
  <Type>System.Web.UI.WebControls.IPersistedSelector</Type>
  <Member>System.Web.UI.WebControls.GridView.#get_ColumnsGenerator()</Member>
  <Member>System.Web.UI.WebControls.GridView.#set_ColumnsGenerator(System.Web.UI.IAutoFieldGenerator)</Member>
  <Member>System.Web.UI.WebControls.GridView.#get_EnableModelValidation()</Member>
  <Member>System.Web.UI.WebControls.GridView.#set_EnableModelValidation(System.Boolean)</Member>
  <Member>System.Web.UI.WebControls.GridView.#get_SelectedPersistedDataKey()</Member>
  <Member>System.Web.UI.WebControls.GridView.#set_SelectedPersistedDataKey(System.Web.UI.WebControls.DataKey)</Member>
  <Member>System.Web.UI.WebControls.GridView.#System.Web.UI.WebControls.IPersistedSelector.get_DataKey()</Member>
  <Member>System.Web.UI.WebControls.GridView.#System.Web.UI.WebControls.IPersistedSelector.set_DataKey(System.Web.UI.WebControls.DataKey)</Member>
  <Member>System.Web.UI.WebControls.ParameterCollection.#Add(System.String,System.Data.DbType,System.String)</Member>
  <Member>System.Web.UI.WebControls.ProfileParameter.#.ctor(System.String,System.Data.DbType,System.String)</Member>
  <Member>System.Web.UI.WebControls.QueryStringParameter.#.ctor(System.String,System.Data.DbType,System.String)</Member>
  <Member>System.Web.UI.WebControls.SessionParameter.#.ctor(System.String,System.Data.DbType,System.String)</Member>
  <Member>System.Windows.Forms.Control.#get_ImeModeBase()</Member>
  <Member>System.Windows.Forms.Control.#set_ImeModeBase(System.Windows.Forms.ImeMode)</Member>
  <Member>System.Windows.Forms.Control.#get_PropagatingImeMode()</Member>
  <Type>System.Windows.Forms.ImeContext</Type>
  <Type>System.Windows.Forms.ImeModeConversion</Type>
  <Member>System.Windows.Forms.TextBoxBase.#get_ImeModeBase()</Member>
  <Member>System.Windows.Forms.TextBoxBase.#set_ImeModeBase(System.Windows.Forms.ImeMode)</Member>
  <Member>System.Windows.Forms.SplitContainer.#OnMove(System.EventArgs)</Member>
  <Member>System.Windows.Forms.WebBrowserBase.#ProcessDialogKey(System.Windows.Forms.Keys)</Member>  
</CompatibilityEntry>