<?xml version="1.0" encoding="utf-8"?>
<CompatibilityEntry Name=".NET Framework 3.0 Service Pack 2"
                    Platform="Desktop" 
                    Version="3.0.2" 
                    Priority="3520">

  <Member>Microsoft.Build.Tasks.Windows.MarkupCompilePass1.#get_SplashScreen()</Member>
  <Member>Microsoft.Build.Tasks.Windows.MarkupCompilePass1.#set_SplashScreen(Microsoft.Build.Framework.ITaskItem[])</Member>
  <Member>System.Windows.Media.Visual.#get_VisualEffect()</Member>
  <Member>System.Windows.Media.Visual.#set_VisualEffect(System.Windows.Media.Effects.Effect)</Member>
  <Member>System.Windows.Media.GeneralTransform.#.ctor()</Member>
  <Member>System.Windows.UIElement.#EffectProperty</Member>
  <Member>System.Windows.UIElement.#UidProperty</Member>
  <Member>System.Windows.UIElement.#get_Effect()</Member>
  <Member>System.Windows.UIElement.#set_Effect(System.Windows.Media.Effects.Effect)</Member>
  <Member>System.Windows.UIElement.#get_Uid()</Member>
  <Member>System.Windows.UIElement.#set_Uid(System.String)</Member>
  <Type>System.Windows.Interop.D3DResourceType</Type>
  <Type>System.Windows.Interop.D3DImage</Type>
  <Type>System.Windows.Media.Effects.Effect</Type>
  <Type>System.Windows.Media.Effects.ShaderEffect</Type>
  <Type>System.Windows.Media.Effects.BlurEffect</Type>
  <Type>System.Windows.Media.Effects.DropShadowEffect</Type>
  <Type>System.Windows.Media.Effects.SamplingMode</Type>
  <Type>System.Windows.Media.Effects.PixelShader</Type>
  <Type>System.Windows.Media.Effects.ShaderRenderMode</Type>
  <Type>System.Windows.Media.Effects.RenderingBias</Type>
  <Member>System.Windows.Media.BitmapScalingMode.#Linear</Member>
  <Member>System.Windows.Media.BitmapScalingMode.#Fant</Member>
  <Member>System.Windows.Media.BitmapScalingMode.#NearestNeighbor</Member>
  <Member>System.Windows.Media.Imaging.WriteableBitmap.#AddDirtyRect(System.Windows.Int32Rect)</Member>
  <Member>System.Windows.Media.Imaging.WriteableBitmap.#Lock()</Member>
  <Member>System.Windows.Media.Imaging.WriteableBitmap.#TryLock(System.Windows.Duration)</Member>
  <Member>System.Windows.Media.Imaging.WriteableBitmap.#Unlock()</Member>
  <Member>System.Windows.Media.Imaging.WriteableBitmap.#WritePixels(System.Windows.Int32Rect,System.IntPtr,System.Int32,System.Int32,System.Int32,System.Int32)</Member>
  <Member>System.Windows.Media.Imaging.WriteableBitmap.#WritePixels(System.Windows.Int32Rect,System.Array,System.Int32,System.Int32,System.Int32)</Member>
  <Member>System.Windows.Media.Imaging.WriteableBitmap.#FreezeCore(System.Boolean)</Member>
  <Member>System.Windows.Media.Imaging.WriteableBitmap.#get_BackBuffer()</Member>
  <Member>System.Windows.Media.Imaging.WriteableBitmap.#get_BackBufferStride()</Member>
  <Member>System.Windows.Media.RenderCapability.#IsPixelShaderVersionSupported(System.Int16,System.Int16)</Member>
  <Member>System.Windows.Media.RenderCapability.#get_IsShaderEffectSoftwareRenderingSupported()</Member>
  <Member>System.Windows.Media.VisualTreeHelper.#GetEffect(System.Windows.Media.Visual)</Member>
  <Member>System.Windows.FrameworkElement.#BindingGroupProperty</Member>
  <Member>System.Windows.FrameworkElement.#get_BindingGroup()</Member>
  <Member>System.Windows.FrameworkElement.#set_BindingGroup(System.Windows.Data.BindingGroup)</Member>
  <Member>System.Windows.Controls.ContentControl.#ContentStringFormatProperty</Member>
  <Member>System.Windows.Controls.ContentControl.#get_ContentStringFormat()</Member>
  <Member>System.Windows.Controls.ContentControl.#set_ContentStringFormat(System.String)</Member>
  <Member>System.Windows.Controls.ContentControl.#OnContentStringFormatChanged(System.String,System.String)</Member>
  <Member>System.Windows.Window.#ShowActivatedProperty</Member>
  <Member>System.Windows.Window.#get_ShowActivated()</Member>
  <Member>System.Windows.Window.#set_ShowActivated(System.Boolean)</Member>
  <Member>System.Windows.Data.CollectionView.#get_NewItemPlaceholder()</Member>
  <Member>System.Windows.Controls.ItemsControl.#ItemStringFormatProperty</Member>
  <Member>System.Windows.Controls.ItemsControl.#ItemBindingGroupProperty</Member>
  <Member>System.Windows.Controls.ItemsControl.#AlternationCountProperty</Member>
  <Member>System.Windows.Controls.ItemsControl.#AlternationIndexProperty</Member>
  <Member>System.Windows.Controls.ItemsControl.#get_ItemStringFormat()</Member>
  <Member>System.Windows.Controls.ItemsControl.#set_ItemStringFormat(System.String)</Member>
  <Member>System.Windows.Controls.ItemsControl.#OnItemStringFormatChanged(System.String,System.String)</Member>
  <Member>System.Windows.Controls.ItemsControl.#get_ItemBindingGroup()</Member>
  <Member>System.Windows.Controls.ItemsControl.#set_ItemBindingGroup(System.Windows.Data.BindingGroup)</Member>
  <Member>System.Windows.Controls.ItemsControl.#OnItemBindingGroupChanged(System.Windows.Data.BindingGroup,System.Windows.Data.BindingGroup)</Member>
  <Member>System.Windows.Controls.ItemsControl.#get_AlternationCount()</Member>
  <Member>System.Windows.Controls.ItemsControl.#set_AlternationCount(System.Int32)</Member>
  <Member>System.Windows.Controls.ItemsControl.#OnAlternationCountChanged(System.Int32,System.Int32)</Member>
  <Member>System.Windows.Controls.ItemsControl.#GetAlternationIndex(System.Windows.DependencyObject)</Member>
  <Member>System.Windows.Controls.ItemsControl.#MS.Internal.Controls.IGeneratorHost.get_AlternationCount()</Member>
  <Member>System.Windows.Controls.HeaderedItemsControl.#HeaderStringFormatProperty</Member>
  <Member>System.Windows.Controls.HeaderedItemsControl.#get_HeaderStringFormat()</Member>
  <Member>System.Windows.Controls.HeaderedItemsControl.#set_HeaderStringFormat(System.String)</Member>
  <Member>System.Windows.Controls.HeaderedItemsControl.#OnHeaderStringFormatChanged(System.String,System.String)</Member>
  <Type>System.Windows.Controls.AlternationConverter</Type>
  <Member>System.Windows.Controls.Primitives.Selector.#ClearContainerForItemOverride(System.Windows.DependencyObject,System.Object)</Member>
  <Member>System.Windows.Controls.ComboBox.#SelectionBoxItemStringFormatProperty</Member>
  <Member>System.Windows.Controls.ComboBox.#get_SelectionBoxItemStringFormat()</Member>
  <Member>System.Windows.Controls.ContentPresenter.#ContentStringFormatProperty</Member>
  <Member>System.Windows.Controls.ContentPresenter.#get_ContentStringFormat()</Member>
  <Member>System.Windows.Controls.ContentPresenter.#set_ContentStringFormat(System.String)</Member>
  <Member>System.Windows.Controls.ContentPresenter.#OnContentStringFormatChanged(System.String,System.String)</Member>
  <Member>System.Windows.DataTemplate.#get_DataTemplateKey()</Member>
  <Member>System.Windows.Controls.ValidationRule.#.ctor(System.Windows.Controls.ValidationStep,System.Boolean)</Member>
  <Member>System.Windows.Controls.ValidationRule.#get_ValidationStep()</Member>
  <Member>System.Windows.Controls.ValidationRule.#set_ValidationStep(System.Windows.Controls.ValidationStep)</Member>
  <Member>System.Windows.Controls.ValidationRule.#get_ValidatesOnTargetUpdated()</Member>
  <Member>System.Windows.Controls.ValidationRule.#set_ValidatesOnTargetUpdated(System.Boolean)</Member>
  <Member>System.Windows.FrameworkContentElement.#BindingGroupProperty</Member>
  <Member>System.Windows.FrameworkContentElement.#get_BindingGroup()</Member>
  <Member>System.Windows.FrameworkContentElement.#set_BindingGroup(System.Windows.Data.BindingGroup)</Member>
  <Member>System.Windows.Controls.HeaderedContentControl.#HeaderStringFormatProperty</Member>
  <Member>System.Windows.Controls.HeaderedContentControl.#get_HeaderStringFormat()</Member>
  <Member>System.Windows.Controls.HeaderedContentControl.#set_HeaderStringFormat(System.String)</Member>
  <Member>System.Windows.Controls.HeaderedContentControl.#OnHeaderStringFormatChanged(System.String,System.String)</Member>
  <Member>System.Windows.Controls.GridView.#ColumnHeaderStringFormatProperty</Member>
  <Member>System.Windows.Controls.GridView.#get_ColumnHeaderStringFormat()</Member>
  <Member>System.Windows.Controls.GridView.#set_ColumnHeaderStringFormat(System.String)</Member>
  <Member>System.Windows.Controls.GridViewColumn.#HeaderStringFormatProperty</Member>
  <Member>System.Windows.Controls.GridViewColumn.#get_HeaderStringFormat()</Member>
  <Member>System.Windows.Controls.GridViewColumn.#set_HeaderStringFormat(System.String)</Member>
  <Member>System.Windows.Controls.GridViewColumn.#OnHeaderStringFormatChanged(System.String,System.String)</Member>
  <Member>System.Windows.Controls.GridViewHeaderRowPresenter.#ColumnHeaderStringFormatProperty</Member>
  <Member>System.Windows.Controls.GridViewHeaderRowPresenter.#get_ColumnHeaderStringFormat()</Member>
  <Member>System.Windows.Controls.GridViewHeaderRowPresenter.#set_ColumnHeaderStringFormat(System.String)</Member>
  <Member>System.Windows.Controls.GroupStyle.#get_HeaderStringFormat()</Member>
  <Member>System.Windows.Controls.GroupStyle.#set_HeaderStringFormat(System.String)</Member>
  <Member>System.Windows.Controls.GroupStyle.#get_AlternationCount()</Member>
  <Member>System.Windows.Controls.GroupStyle.#set_AlternationCount(System.Int32)</Member>
  <Member>System.Windows.Controls.ItemCollection.#System.ComponentModel.IEditableCollectionView.get_NewItemPlaceholderPosition()</Member>
  <Member>System.Windows.Controls.ItemCollection.#System.ComponentModel.IEditableCollectionView.set_NewItemPlaceholderPosition(System.ComponentModel.NewItemPlaceholderPosition)</Member>
  <Member>System.Windows.Controls.ItemCollection.#System.ComponentModel.IEditableCollectionView.get_CanAddNew()</Member>
  <Member>System.Windows.Controls.ItemCollection.#System.ComponentModel.IEditableCollectionView.AddNew()</Member>
  <Member>System.Windows.Controls.ItemCollection.#System.ComponentModel.IEditableCollectionView.CommitNew()</Member>
  <Member>System.Windows.Controls.ItemCollection.#System.ComponentModel.IEditableCollectionView.CancelNew()</Member>
  <Member>System.Windows.Controls.ItemCollection.#System.ComponentModel.IEditableCollectionView.get_IsAddingNew()</Member>
  <Member>System.Windows.Controls.ItemCollection.#System.ComponentModel.IEditableCollectionView.get_CurrentAddItem()</Member>
  <Member>System.Windows.Controls.ItemCollection.#System.ComponentModel.IEditableCollectionView.get_CanRemove()</Member>
  <Member>System.Windows.Controls.ItemCollection.#System.ComponentModel.IEditableCollectionView.RemoveAt(System.Int32)</Member>
  <Member>System.Windows.Controls.ItemCollection.#System.ComponentModel.IEditableCollectionView.Remove(System.Object)</Member>
  <Member>System.Windows.Controls.ItemCollection.#System.ComponentModel.IEditableCollectionView.EditItem(System.Object)</Member>
  <Member>System.Windows.Controls.ItemCollection.#System.ComponentModel.IEditableCollectionView.CommitEdit()</Member>
  <Member>System.Windows.Controls.ItemCollection.#System.ComponentModel.IEditableCollectionView.CancelEdit()</Member>
  <Member>System.Windows.Controls.ItemCollection.#System.ComponentModel.IEditableCollectionView.get_CanCancelEdit()</Member>
  <Member>System.Windows.Controls.ItemCollection.#System.ComponentModel.IEditableCollectionView.get_IsEditingItem()</Member>
  <Member>System.Windows.Controls.ItemCollection.#System.ComponentModel.IEditableCollectionView.get_CurrentEditItem()</Member>
  <Member>System.Windows.Controls.ItemCollection.#System.ComponentModel.IItemProperties.get_ItemProperties()</Member>
  <Type>System.Windows.Controls.Primitives.IRecyclingItemContainerGenerator</Type>
  <Member>System.Windows.Controls.ItemContainerGenerator.#System.Windows.Controls.Primitives.IRecyclingItemContainerGenerator.Recycle(System.Windows.Controls.Primitives.GeneratorPosition,System.Int32)</Member>
  <Member>System.Windows.Controls.PasswordBox.#get_SecurePassword()</Member>
  <Type>System.Windows.Controls.Primitives.MultiSelector</Type>
  <Member>System.Windows.Controls.Primitives.ScrollBar.#DeferScrollToHorizontalOffsetCommand</Member>
  <Member>System.Windows.Controls.Primitives.ScrollBar.#DeferScrollToVerticalOffsetCommand</Member>
  <Member>System.Windows.Controls.ScrollViewer.#ContentVerticalOffsetProperty</Member>
  <Member>System.Windows.Controls.ScrollViewer.#ContentHorizontalOffsetProperty</Member>
  <Member>System.Windows.Controls.ScrollViewer.#IsDeferredScrollingEnabledProperty</Member>
  <Member>System.Windows.Controls.ScrollViewer.#get_ContentVerticalOffset()</Member>
  <Member>System.Windows.Controls.ScrollViewer.#get_ContentHorizontalOffset()</Member>
  <Member>System.Windows.Controls.ScrollViewer.#GetIsDeferredScrollingEnabled(System.Windows.DependencyObject)</Member>
  <Member>System.Windows.Controls.ScrollViewer.#SetIsDeferredScrollingEnabled(System.Windows.DependencyObject,System.Boolean)</Member>
  <Member>System.Windows.Controls.ScrollViewer.#get_IsDeferredScrollingEnabled()</Member>
  <Member>System.Windows.Controls.ScrollViewer.#set_IsDeferredScrollingEnabled(System.Boolean)</Member>
  <Member>System.Windows.Controls.TabControl.#SelectedContentStringFormatProperty</Member>
  <Member>System.Windows.Controls.TabControl.#ContentStringFormatProperty</Member>
  <Member>System.Windows.Controls.TabControl.#get_SelectedContentStringFormat()</Member>
  <Member>System.Windows.Controls.TabControl.#get_ContentStringFormat()</Member>
  <Member>System.Windows.Controls.TabControl.#set_ContentStringFormat(System.String)</Member>
  <Member>System.Windows.Controls.TreeView.#PrepareContainerForItemOverride(System.Windows.DependencyObject,System.Object)</Member>
  <Member>System.Windows.Controls.VirtualizingStackPanel.#VirtualizationModeProperty</Member>
  <Member>System.Windows.Controls.VirtualizingStackPanel.#GetVirtualizationMode(System.Windows.DependencyObject)</Member>
  <Member>System.Windows.Controls.VirtualizingStackPanel.#SetVirtualizationMode(System.Windows.DependencyObject,System.Windows.Controls.VirtualizationMode)</Member>
  <Member>System.Windows.Controls.VirtualizingStackPanel.#OnGotKeyboardFocus(System.Windows.Input.KeyboardFocusChangedEventArgs)</Member>
  <Member>System.Windows.Controls.VirtualizingStackPanel.#OnLostKeyboardFocus(System.Windows.Input.KeyboardFocusChangedEventArgs)</Member>
  <Member>System.Windows.Controls.VirtualizingStackPanel.#OnViewportSizeChanged(System.Windows.Size,System.Windows.Size)</Member>
  <Member>System.Windows.Controls.VirtualizingStackPanel.#OnViewportOffsetChanged(System.Windows.Vector,System.Windows.Vector)</Member>
  <Member>System.Windows.Controls.TreeViewItem.#System.Windows.Controls.VirtualizingStackPanel+IProvideStackingSize.EstimatedContainerSize(System.Boolean)</Member>
  <Member>System.Windows.Controls.TreeViewItem.#System.Windows.Controls.VirtualizingStackPanel+IProvideStackingSize.HeaderSize(System.Boolean)</Member>
  <Member>System.Windows.Controls.TreeViewItem.#MeasureOverride(System.Windows.Size)</Member>
  <Member>System.Windows.Controls.TreeViewItem.#PrepareContainerForItemOverride(System.Windows.DependencyObject,System.Object)</Member>
  <Member>System.Windows.Controls.Validation.#ValidationAdornerSiteProperty</Member>
  <Member>System.Windows.Controls.Validation.#ValidationAdornerSiteForProperty</Member>
  <Member>System.Windows.Controls.Validation.#GetValidationAdornerSite(System.Windows.DependencyObject)</Member>
  <Member>System.Windows.Controls.Validation.#SetValidationAdornerSite(System.Windows.DependencyObject,System.Windows.DependencyObject)</Member>
  <Member>System.Windows.Controls.Validation.#GetValidationAdornerSiteFor(System.Windows.DependencyObject)</Member>
  <Member>System.Windows.Controls.Validation.#SetValidationAdornerSiteFor(System.Windows.DependencyObject,System.Windows.DependencyObject)</Member>
  <Type>System.Windows.Controls.ValidationStep</Type>
  <Type>System.Windows.Controls.VirtualizationMode</Type>
  <Type>System.Windows.Interop.ActiveXHost</Type>
  <Type>System.Windows.Controls.WebBrowser</Type>
  <Member>System.Windows.Data.BindingBase.#get_StringFormat()</Member>
  <Member>System.Windows.Data.BindingBase.#set_StringFormat(System.String)</Member>
  <Member>System.Windows.Data.BindingBase.#get_TargetNullValue()</Member>
  <Member>System.Windows.Data.BindingBase.#set_TargetNullValue(System.Object)</Member>
  <Member>System.Windows.Data.BindingBase.#ShouldSerializeTargetNullValue()</Member>
  <Member>System.Windows.Data.BindingBase.#get_BindingGroupName()</Member>
  <Member>System.Windows.Data.BindingBase.#set_BindingGroupName(System.String)</Member>
  <Type>System.Windows.Data.BindingGroup</Type>
  <Member>System.Windows.Data.BindingListCollectionView.#get_NewItemPlaceholderPosition()</Member>
  <Member>System.Windows.Data.BindingListCollectionView.#set_NewItemPlaceholderPosition(System.ComponentModel.NewItemPlaceholderPosition)</Member>
  <Member>System.Windows.Data.BindingListCollectionView.#get_CanAddNew()</Member>
  <Member>System.Windows.Data.BindingListCollectionView.#AddNew()</Member>
  <Member>System.Windows.Data.BindingListCollectionView.#CommitNew()</Member>
  <Member>System.Windows.Data.BindingListCollectionView.#CancelNew()</Member>
  <Member>System.Windows.Data.BindingListCollectionView.#get_IsAddingNew()</Member>
  <Member>System.Windows.Data.BindingListCollectionView.#get_CurrentAddItem()</Member>
  <Member>System.Windows.Data.BindingListCollectionView.#get_CanRemove()</Member>
  <Member>System.Windows.Data.BindingListCollectionView.#RemoveAt(System.Int32)</Member>
  <Member>System.Windows.Data.BindingListCollectionView.#Remove(System.Object)</Member>
  <Member>System.Windows.Data.BindingListCollectionView.#EditItem(System.Object)</Member>
  <Member>System.Windows.Data.BindingListCollectionView.#CommitEdit()</Member>
  <Member>System.Windows.Data.BindingListCollectionView.#CancelEdit()</Member>
  <Member>System.Windows.Data.BindingListCollectionView.#get_CanCancelEdit()</Member>
  <Member>System.Windows.Data.BindingListCollectionView.#get_IsEditingItem()</Member>
  <Member>System.Windows.Data.BindingListCollectionView.#get_CurrentEditItem()</Member>
  <Member>System.Windows.Data.BindingListCollectionView.#get_ItemProperties()</Member>
  <Member>System.Windows.Data.ListCollectionView.#get_Filter()</Member>
  <Member>System.Windows.Data.ListCollectionView.#set_Filter(System.Predicate`1&lt;System.Object&gt;)</Member>
  <Member>System.Windows.Data.ListCollectionView.#get_NewItemPlaceholderPosition()</Member>
  <Member>System.Windows.Data.ListCollectionView.#set_NewItemPlaceholderPosition(System.ComponentModel.NewItemPlaceholderPosition)</Member>
  <Member>System.Windows.Data.ListCollectionView.#get_CanAddNew()</Member>
  <Member>System.Windows.Data.ListCollectionView.#AddNew()</Member>
  <Member>System.Windows.Data.ListCollectionView.#CommitNew()</Member>
  <Member>System.Windows.Data.ListCollectionView.#CancelNew()</Member>
  <Member>System.Windows.Data.ListCollectionView.#get_IsAddingNew()</Member>
  <Member>System.Windows.Data.ListCollectionView.#get_CurrentAddItem()</Member>
  <Member>System.Windows.Data.ListCollectionView.#get_CanRemove()</Member>
  <Member>System.Windows.Data.ListCollectionView.#RemoveAt(System.Int32)</Member>
  <Member>System.Windows.Data.ListCollectionView.#Remove(System.Object)</Member>
  <Member>System.Windows.Data.ListCollectionView.#EditItem(System.Object)</Member>
  <Member>System.Windows.Data.ListCollectionView.#CommitEdit()</Member>
  <Member>System.Windows.Data.ListCollectionView.#CancelEdit()</Member>
  <Member>System.Windows.Data.ListCollectionView.#get_CanCancelEdit()</Member>
  <Member>System.Windows.Data.ListCollectionView.#get_IsEditingItem()</Member>
  <Member>System.Windows.Data.ListCollectionView.#get_CurrentEditItem()</Member>
  <Member>System.Windows.Data.ListCollectionView.#get_ItemProperties()</Member>
  <Type>System.Windows.Data.ValueUnavailableException</Type>
  <Member>System.Windows.Documents.Table.#BeginInit()</Member>
  <Member>System.Windows.Documents.Table.#EndInit()</Member>
  <Member>System.Windows.HierarchicalDataTemplate.#get_ItemContainerStyle()</Member>
  <Member>System.Windows.HierarchicalDataTemplate.#set_ItemContainerStyle(System.Windows.Style)</Member>
  <Member>System.Windows.HierarchicalDataTemplate.#get_ItemContainerStyleSelector()</Member>
  <Member>System.Windows.HierarchicalDataTemplate.#set_ItemContainerStyleSelector(System.Windows.Controls.StyleSelector)</Member>
  <Member>System.Windows.HierarchicalDataTemplate.#get_ItemStringFormat()</Member>
  <Member>System.Windows.HierarchicalDataTemplate.#set_ItemStringFormat(System.String)</Member>
  <Member>System.Windows.HierarchicalDataTemplate.#get_AlternationCount()</Member>
  <Member>System.Windows.HierarchicalDataTemplate.#set_AlternationCount(System.Int32)</Member>
  <Member>System.Windows.HierarchicalDataTemplate.#get_ItemBindingGroup()</Member>
  <Member>System.Windows.HierarchicalDataTemplate.#set_ItemBindingGroup(System.Windows.Data.BindingGroup)</Member>
  <Member>System.Windows.Interop.DocObjHost.#MS.Internal.AppModel.IBrowserHostServices.Run(System.String,System.String,MS.Internal.AppModel.MimeType,System.String,System.String,System.Object,System.Object,System.String,System.Boolean,System.Boolean,MS.Internal.AppModel.INativeProgressPage,System.String,System.String,System.String,System.String)</Member>
  <Member>System.Windows.Media.Animation.Storyboard.#TargetProperty</Member>
  <Member>System.Windows.Media.Animation.Storyboard.#SetTarget(System.Windows.DependencyObject,System.Windows.DependencyObject)</Member>
  <Member>System.Windows.Media.Animation.Storyboard.#GetTarget(System.Windows.DependencyObject)</Member>
  <Member>System.Windows.Media.Animation.Storyboard.#Begin()</Member>
  <Member>System.Windows.Media.Animation.Storyboard.#GetCurrentGlobalSpeed()</Member>
  <Member>System.Windows.Media.Animation.Storyboard.#GetCurrentIteration()</Member>
  <Member>System.Windows.Media.Animation.Storyboard.#GetCurrentProgress()</Member>
  <Member>System.Windows.Media.Animation.Storyboard.#GetCurrentState()</Member>
  <Member>System.Windows.Media.Animation.Storyboard.#GetCurrentTime()</Member>
  <Member>System.Windows.Media.Animation.Storyboard.#GetIsPaused()</Member>
  <Member>System.Windows.Media.Animation.Storyboard.#Pause()</Member>
  <Member>System.Windows.Media.Animation.Storyboard.#Remove()</Member>
  <Member>System.Windows.Media.Animation.Storyboard.#Resume()</Member>
  <Member>System.Windows.Media.Animation.Storyboard.#Seek(System.TimeSpan,System.Windows.Media.Animation.TimeSeekOrigin)</Member>
  <Member>System.Windows.Media.Animation.Storyboard.#Seek(System.TimeSpan)</Member>
  <Member>System.Windows.Media.Animation.Storyboard.#SeekAlignedToLastTick(System.TimeSpan,System.Windows.Media.Animation.TimeSeekOrigin)</Member>
  <Member>System.Windows.Media.Animation.Storyboard.#SeekAlignedToLastTick(System.TimeSpan)</Member>
  <Member>System.Windows.Media.Animation.Storyboard.#SetSpeedRatio(System.Double)</Member>
  <Member>System.Windows.Media.Animation.Storyboard.#SkipToFill()</Member>
  <Member>System.Windows.Media.Animation.Storyboard.#Stop()</Member>
  <Member>System.Windows.Markup.XamlReader.#Parse(System.String)</Member>
  <Member>System.Windows.Markup.XamlReader.#Parse(System.String,System.Windows.Markup.ParserContext)</Member>
  <Type>System.Printing.PrintingNotSupportedException</Type>
  <Member>System.Runtime.Serialization.CollectionDataContractAttribute.#get_IsReference()</Member>
  <Member>System.Runtime.Serialization.CollectionDataContractAttribute.#set_IsReference(System.Boolean)</Member>
  <Member>System.Runtime.Serialization.DataContractAttribute.#get_IsReference()</Member>
  <Member>System.Runtime.Serialization.DataContractAttribute.#set_IsReference(System.Boolean)</Member>
  <Type>System.Runtime.Serialization.IgnoreDataMemberAttribute</Type>
  <Member>System.ServiceModel.Configuration.ServiceMetadataPublishingElement.#get_HttpGetBinding()</Member>
  <Member>System.ServiceModel.Configuration.ServiceMetadataPublishingElement.#set_HttpGetBinding(System.String)</Member>
  <Member>System.ServiceModel.Configuration.ServiceMetadataPublishingElement.#get_HttpGetBindingConfiguration()</Member>
  <Member>System.ServiceModel.Configuration.ServiceMetadataPublishingElement.#set_HttpGetBindingConfiguration(System.String)</Member>
  <Member>System.ServiceModel.Configuration.ServiceMetadataPublishingElement.#get_HttpsGetBinding()</Member>
  <Member>System.ServiceModel.Configuration.ServiceMetadataPublishingElement.#set_HttpsGetBinding(System.String)</Member>
  <Member>System.ServiceModel.Configuration.ServiceMetadataPublishingElement.#get_HttpsGetBindingConfiguration()</Member>
  <Member>System.ServiceModel.Configuration.ServiceMetadataPublishingElement.#set_HttpsGetBindingConfiguration(System.String)</Member>
  <Member>System.ServiceModel.Configuration.ServiceDebugElement.#get_HttpHelpPageBinding()</Member>
  <Member>System.ServiceModel.Configuration.ServiceDebugElement.#set_HttpHelpPageBinding(System.String)</Member>
  <Member>System.ServiceModel.Configuration.ServiceDebugElement.#get_HttpHelpPageBindingConfiguration()</Member>
  <Member>System.ServiceModel.Configuration.ServiceDebugElement.#set_HttpHelpPageBindingConfiguration(System.String)</Member>
  <Member>System.ServiceModel.Configuration.ServiceDebugElement.#get_HttpsHelpPageBinding()</Member>
  <Member>System.ServiceModel.Configuration.ServiceDebugElement.#set_HttpsHelpPageBinding(System.String)</Member>
  <Member>System.ServiceModel.Configuration.ServiceDebugElement.#get_HttpsHelpPageBindingConfiguration()</Member>
  <Member>System.ServiceModel.Configuration.ServiceDebugElement.#set_HttpsHelpPageBindingConfiguration(System.String)</Member>
  <Member>System.ServiceModel.Security.Tokens.SecurityContextSecurityToken.#get_BootstrapMessageProperty()</Member>
  <Member>System.ServiceModel.Security.Tokens.SecurityContextSecurityToken.#set_BootstrapMessageProperty(System.ServiceModel.Security.SecurityMessageProperty)</Member>
  <Member>System.ServiceModel.Security.Tokens.SecurityContextSecurityToken.#get_IsCookieMode()</Member>
  <Member>System.ServiceModel.Security.ServiceCredentialsSecurityTokenManager.#CreateSecureConversationTokenAuthenticator(System.ServiceModel.Security.Tokens.RecipientServiceModelSecurityTokenRequirement,System.Boolean,System.IdentityModel.Selectors.SecurityTokenResolver&amp;)</Member>
  <Member>System.ServiceModel.XmlSerializerFormatAttribute.#get_SupportFaults()</Member>
  <Member>System.ServiceModel.XmlSerializerFormatAttribute.#set_SupportFaults(System.Boolean)</Member>
  <Type>System.ServiceModel.FaultImportOptions</Type>
  <Type>System.ServiceModel.Description.MetadataImporterQuotas</Type>
  <Member>System.ServiceModel.Description.WsdlImporter.#.ctor(System.ServiceModel.Description.MetadataSet,System.Collections.Generic.IEnumerable`1&lt;System.ServiceModel.Description.IPolicyImportExtension&gt;,System.Collections.Generic.IEnumerable`1&lt;System.ServiceModel.Description.IWsdlImportExtension&gt;,System.ServiceModel.Description.MetadataImporterQuotas)</Member>
  <Type>System.ServiceModel.Channels.WrappedOptions</Type>
  <Member>System.ServiceModel.Description.ServiceDebugBehavior.#get_HttpHelpPageBinding()</Member>
  <Member>System.ServiceModel.Description.ServiceDebugBehavior.#set_HttpHelpPageBinding(System.ServiceModel.Channels.Binding)</Member>
  <Member>System.ServiceModel.Description.ServiceDebugBehavior.#get_HttpsHelpPageBinding()</Member>
  <Member>System.ServiceModel.Description.ServiceDebugBehavior.#set_HttpsHelpPageBinding(System.ServiceModel.Channels.Binding)</Member>
  <Member>System.ServiceModel.Description.ServiceMetadataBehavior.#get_HttpGetBinding()</Member>
  <Member>System.ServiceModel.Description.ServiceMetadataBehavior.#set_HttpGetBinding(System.ServiceModel.Channels.Binding)</Member>
  <Member>System.ServiceModel.Description.ServiceMetadataBehavior.#get_HttpsGetBinding()</Member>
  <Member>System.ServiceModel.Description.ServiceMetadataBehavior.#set_HttpsGetBinding(System.ServiceModel.Channels.Binding)</Member>
  <Member>System.ComponentModel.DependencyPropertyDescriptor.#get_DesignerCoerceValueCallback()</Member>
  <Member>System.ComponentModel.DependencyPropertyDescriptor.#set_DesignerCoerceValueCallback(System.Windows.CoerceValueCallback)</Member>
  <Member>System.Collections.ObjectModel.ObservableCollection`1.#.ctor(System.Collections.Generic.IEnumerable`1&lt;!0&gt;)</Member>
  <Member>System.Windows.Threading.Dispatcher.#BeginInvoke(System.Delegate,System.Object[])</Member>
  <Member>System.Windows.Threading.Dispatcher.#BeginInvoke(System.Delegate,System.Windows.Threading.DispatcherPriority,System.Object[])</Member>
  <Member>System.Windows.Threading.Dispatcher.#Invoke(System.Delegate,System.Object[])</Member>
  <Member>System.Windows.Threading.Dispatcher.#Invoke(System.Delegate,System.Windows.Threading.DispatcherPriority,System.Object[])</Member>
  <Member>System.Windows.Threading.Dispatcher.#Invoke(System.Delegate,System.TimeSpan,System.Object[])</Member>
  <Member>System.Windows.Threading.Dispatcher.#Invoke(System.Delegate,System.TimeSpan,System.Windows.Threading.DispatcherPriority,System.Object[])</Member>
  <Type>System.ComponentModel.NewItemPlaceholderPosition</Type>
  <Type>System.ComponentModel.IEditableCollectionView</Type>
  <Type>System.ComponentModel.IItemProperties</Type>
  <Type>System.ComponentModel.ItemPropertyInfo</Type>
  <Type>System.Windows.SplashScreen</Type>
  <Type>System.Windows.Markup.AmbientAttribute</Type>
  <Type>System.Windows.Markup.UsableDuringInitializationAttribute</Type>
  <Type>System.Windows.Markup.DictionaryKeyPropertyAttribute</Type>
  <Type>System.Windows.Markup.IReceiveMarkupExtension</Type>
  <Member>System.Windows.Markup.MarkupExtensionReturnTypeAttribute.#.ctor(System.Type,System.Type)</Member>
  <Member>System.Windows.Markup.MarkupExtensionReturnTypeAttribute.#get_ExpressionType()</Member>
  <Type>System.Windows.Markup.NameScopePropertyAttribute</Type>
  <Type>System.Windows.Markup.UidPropertyAttribute</Type>
  <Member>System.Windows.Forms.Integration.ElementHost.#get_CanEnableIme()</Member>
  <Member>System.Windows.Forms.Integration.ElementHost.#get_Focused()</Member>
  <Member>System.Windows.Forms.Integration.ElementHost.#get_ImeModeBase()</Member>
  <Member>System.Windows.Forms.Integration.ElementHost.#set_ImeModeBase(System.Windows.Forms.ImeMode)</Member>
</CompatibilityEntry>