<?xml version="1.0" encoding="utf-8"?>
<!--Copyright, Microsoft Corporation, All rights reserved.-->
<Rule Name="AppHostTetheredDebugger" DisplayName="テザリングされたデバッガー" PageTemplate="debugger" Order="300" Description="テザリングされたデバッガーのオプションです" xmlns:sys="clr-namespace:System;assembly=mscorlib" xmlns:x="http://schemas.microsoft.com/winfx/2006/xaml" xmlns="http://schemas.microsoft.com/build/2009/properties">

  <Rule.Metadata>
    <sys:Guid x:Key="DebugTargetTypeCommandGuid">FEEA6E9D-77D8-423F-9EDE-3970CBB76125</sys:Guid>
    <sys:UInt32 x:Key="DebugTargetTypeCommandId">0x300</sys:UInt32>
  </Rule.Metadata>
  <Rule.DataSource>
    <DataSource Persistence="UserFile"/>
  </Rule.DataSource>
  <Rule.Categories>
    <Category Name="StartOptions" DisplayName="開始オプション" Description="開始オプション"/>
  </Rule.Categories>
  <BoolProperty Name="DebuggerLaunchApplication" DisplayName="アプリケーションの起動" Category="StartOptions" F1Keyword="VC.Project.IVCAppHostTetheredDebugPageObject.LaunchApplication" Description="すぐにアプリケーションを起動するか、待機して実行開始時にアプリケーションをデバッグするかを指定します。"/>
  <EnumProperty Name="DebuggerType" DisplayName="デバッガーの種類" Category="StartOptions" F1Keyword="VC.Project.IVCAppHostTetheredDebugPageObject.DebuggerType" Description="有効にするデバッガーを指定します。[混合] に設定された場合、マネージド コードとネイティブ コードの両方のデバッガーが起動されます。">
    <EnumProperty.Metadata>
      <NameValuePair Name="IsDebugType" Value="true"/>
    </EnumProperty.Metadata>
    <EnumValue Name="NativeOnly" DisplayName="ネイティブのみ" Description="ネイティブのみ"/>
    <EnumValue Name="ManagedOnly" DisplayName="マネージドのみ" Description="マネージドのみ"/>
    <EnumValue Name="Script" DisplayName="スクリプトのみ" Description="スクリプトのみ"/>
    <EnumValue Name="Mixed" DisplayName="混合 (マネージドとネイティブ)" Description="混合 (マネージドとネイティブ)"/>
  </EnumProperty>
</Rule>
