<?xml version="1.0" encoding="utf-8"?>
<!--Copyright, Microsoft Corporation, All rights reserved.
    Remote debug properties for Windows UWP apps-->
<Rule Name="UWPRemoteDebugger" DisplayName="リモート コンピューター" PageTemplate="debugger" Order="400" Description="リモート デバッガー オプション" xmlns:sys="clr-namespace:System;assembly=mscorlib" xmlns:x="http://schemas.microsoft.com/winfx/2006/xaml" xmlns="http://schemas.microsoft.com/build/2009/properties">
  
  <Rule.Metadata>
    <sys:Guid x:Key="DebugTargetTypeCommandGuid">FEEA6E9D-77D8-423F-9EDE-3970CBB76125</sys:Guid>
    <sys:UInt32 x:Key="DebugTargetTypeCommandId">0x400</sys:UInt32>
  </Rule.Metadata>
  <Rule.DataSource>
    <DataSource Persistence="UserFile"/>
  </Rule.DataSource>

  <BoolProperty Name="DebuggerLaunchApplication" DisplayName="アプリケーションの起動" F1Keyword="VC.Project.IVCAppHostRemoteDebugPageObject.LaunchApplication" Description="すぐにアプリケーションを起動するか、待機して実行開始時にアプリケーションをデバッグするかを指定します。"/>
  <BoolProperty Name="AllowLocalNetworkLoopback" DisplayName="ローカル ネットワーク ループバックの許可" F1Keyword="VC.Project.IVCAppHostLocalDebugPageObject.AllowLocalNetworkLoopback" Description="Windows ストア アプリをデバッグする際に、ローカル サービスの使用、ネットワーク トラフィックのデバッグ、およびローカル ループバックの使用 (同一コンピューター上のコンポーネントとの通信用) を許可します。"/>
  <EnumProperty Name="DebuggerType" DisplayName="デバッガーの種類" F1Keyword="VC.Project.IVCAppHostRemoteDebugPageObject.DebuggerType" Description="デバッグするコードの種類を指定します。">
    <EnumProperty.Metadata>
      <NameValuePair Name="IsDebugType" Value="true"/>
    </EnumProperty.Metadata>
    <EnumValue Name="NativeOnly" DisplayName="ネイティブのみ"/>
    <EnumValue Name="ManagedCore" DisplayName="マネージドのみ"/>
    <EnumValue Name="GPUOnly" DisplayName="GPU のみ (C++ AMP)"/>
    <EnumValue Name="Script" DisplayName="スクリプトのみ"/>
    <EnumValue Name="NativeWithManagedCore" DisplayName="マネージドとネイティブ"/>
    <EnumValue Name="NativeWithScript" DisplayName="スクリプトとネイティブ"/>
  </EnumProperty>
  <StringProperty Name="DebuggerMachineName" DisplayName="コンピューター名" F1Keyword="VC.Project.IVCAppHostRemoteDebugPageObject.MachineName" Description="リモートでデバッグするときに使用するコンピューター名を指定します。">
    <StringProperty.ValueEditors>
      <ValueEditor EditorType="CppUniversalRemoteDebuggerPropertyEditor" DisplayName="&lt;検索...&gt;">
        <ValueEditor.Metadata>
          <NameValuePair Name="AuthenticationPropertyName" Value="DebuggerRequireAuthentication"/>
        </ValueEditor.Metadata>
      </ValueEditor>
    </StringProperty.ValueEditors>
  </StringProperty> 
  <EnumProperty Name="DebuggerRequireAuthentication" DisplayName="認証の種類" F1Keyword="VC.Project.IVCAppHostRemoteDebugPageObject.Authentication" Description="リモート デバイス上でのデバッグ時に必要な認証の種類を指定します。">
    <EnumValue Name="True" DisplayName="Windows 認証"/>
    <EnumValue Name="False" DisplayName="認証なし"/>
    <EnumValue Name="Universal" DisplayName="ユニバーサル (暗号化されていないプロトコル)"/>
  </EnumProperty>
  <DynamicEnumProperty Name="GPUDebuggerTargetType" DisplayName="デバッグ アクセラレータの種類" EnumProvider="GPUTargets" F1Keyword="VC.Project.IVCAppHostRemoteDebugPageObject.GPUDebuggerTargetType" Description="GPU コードのデバッグに使用するデバッグ アクセラレータ タイプです。(GPU デバッガーがアクティブなときに使用可能。">
    <DynamicEnumProperty.Metadata>
      <NameValuePair Name="ParentPropertyName" Value="DebuggerType"/>
      <NameValuePair Name="ParentPropertyValue" Value="GPUOnly"/>
    </DynamicEnumProperty.Metadata>
  </DynamicEnumProperty>
  <EnumProperty Name="GPURefDebuggerBreakOnAllThreads" DisplayName="GPU 既定のブレークポイントの動作" Description="GPU デバッガーを中断する頻度を設定します。" F1Keyword="VC.Project.IVCAppHostRemoteDebugPageObject.BreakpointBehavior">
    <EnumValue Name="GPURefBreakOncePerWarp" DisplayName="ワープごとに 1 回だけ中断" Description="ワープごとに 1 回だけ中断"/>
    <EnumValue Name="GPURefBreakForCPUThread" DisplayName="各スレッドで中断 (CPU の動作と同じ)" Description="各スレッドで中断 (CPU の動作と同じ)"/>
    <EnumProperty.Metadata>
      <NameValuePair Name="ParentPropertyName" Value="DebuggerType"/>
      <NameValuePair Name="ParentPropertyValue" Value="GPUOnly"/>
    </EnumProperty.Metadata>
  </EnumProperty>
  <BoolProperty Name="RemoteDebuggerDeployDebugCppRuntime" DisplayName="Visual C++ デバッグ ランタイム ライブラリの配置" Description="アクティブなプラットフォーム (Win32、x64、または ARM) 用のデバッグ ランタイム ライブラリを配置するかどうかを指定します。" F1Keyword="VC.Project.IVCRemoteDebugPageObject.Remote"/>
  <DynamicEnumProperty Name="DebuggerAmpDefaultAccelerator" DisplayName="AMP の既定のアクセラレータ" EnumProvider="AmpAccelerators" F1Keyword="VC.Project.IVCAppHostRemoteDebugPageObject.AmpDefaultAccelerator" Description="C++ AMP の既定のアクセラレータ選択をオーバーライドします。マネージド コードをデバッグする際には、プロパティが適用されません。">
  </DynamicEnumProperty>
  <StringProperty Name="LayoutDir" DisplayName="パッケージ配置パス" Description="バイナリ出力がコピーされるパッケージ レイアウトの場所。この場所にはプロジェクト用のバイナリ以外のアセットが含まれる場合もあります。"/>
  <EnumProperty Name="RemoteDeploymentType" DisplayName="詳細なリモート展開の種類" Description="リモート配置の種類を指定します。[デバイスにコピーする] を選択して物理的にパッケージ レイアウトをリモート デバイスにコピーするか、または [ネットワークから登録する] を選択してネットワーク共有からレイアウトを登録します。">
    <EnumValue Name="CopyToDevice" DisplayName="デバイスにコピーする"/>
    <EnumValue Name="RegisterFromNetwork" DisplayName="ネットワークから登録する"/>
  </EnumProperty>
  <StringProperty Name="PackageRegistrationPath" DisplayName="パッケージ登録のパス" Description="[デバイスにコピーする] で展開する場合、これはレイアウトがコピーされるリモート デバイス上の物理的な場所を表すものであり、省略可能なパラメーターです。[ネットワークから登録する] の場合は、
これはパッケージ レイアウトのリモート ネットワークの場所を表すものであり、必須のパラメーターです。"/>
  <BoolProperty Name="RemoveNonLayoutFiles" DisplayName="デバイスからレイアウト以外のファイルを削除する" Description="配置中にターゲット デバイスからレイアウトの一部ではないファイルを削除するかどうかを指定します。これは [デバイスにコピーする] 展開の場合にのみ適用できます。"/>
  <StringProperty Name="CommandLineArgs" DisplayName="コマンド ライン引数" Description="デバッガーに渡されるコマンド ライン引数。"/>
</Rule>
