<?xml version="1.0" encoding="utf-8"?>
<!--Copyright, Microsoft Corporation, All rights reserved.-->
<Rule Name="AppHostSimulatorDebugger" DisplayName="シミュレーター" PageTemplate="debugger" Order="200" Description="シミュレーター デバッガーのオプション" xmlns:sys="clr-namespace:System;assembly=mscorlib" xmlns:x="http://schemas.microsoft.com/winfx/2006/xaml" xmlns="http://schemas.microsoft.com/build/2009/properties">
  
  <Rule.Metadata>
    <sys:Guid x:Key="DebugTargetTypeCommandGuid">FEEA6E9D-77D8-423F-9EDE-3970CBB76125</sys:Guid>
    <sys:UInt32 x:Key="DebugTargetTypeCommandId">0x100</sys:UInt32>
  </Rule.Metadata>
  <Rule.DataSource>
    <DataSource Persistence="UserFile"/>
  </Rule.DataSource>
  <Rule.Categories>
    <Category Name="StartOptions" DisplayName="開始オプション" Description="開始オプション"/>
    <Category Name="GPUOptions" DisplayName="GPU オプション" Description="GPU オプション"/>
  </Rule.Categories>
  <BoolProperty Name="DebuggerLaunchApplication" DisplayName="アプリケーションの起動" Category="StartOptions" F1Keyword="VC.Project.IVCAppHostSimulatorDebugPageObject.LaunchApplication" Description="すぐにアプリケーションを起動するか、待機して実行開始時にアプリケーションをデバッグするかを指定します。"/>
  <BoolProperty Name="AllowLocalNetworkLoopback" DisplayName="ローカル ネットワーク ループバックの許可" Category="StartOptions" F1Keyword="VC.Project.IVCAppHostLocalDebugPageObject.AllowLocalNetworkLoopback" Description="Windows ストア アプリをデバッグする際に、ローカル サービスの使用、ネットワーク トラフィックのデバッグ、およびローカル ループバックの使用 (同一コンピューター上のコンポーネントとの通信用) を許可します。"/>
  <EnumProperty Name="DebuggerType" DisplayName="デバッガーの種類" Category="StartOptions" F1Keyword="VC.Project.IVCAppHostSimulatorDebugPageObject.DebuggerType" Description="デバッグするコードの種類を指定します。">
    <EnumProperty.Metadata>
      <NameValuePair Name="IsDebugType" Value="true"/>
    </EnumProperty.Metadata>
    <EnumValue Name="NativeOnly" DisplayName="ネイティブのみ"/>
    <EnumValue Name="ManagedOnly" DisplayName="マネージドのみ"/>
    <EnumValue Name="GPUOnly" DisplayName="GPU のみ (C++ AMP)"/>
    <EnumValue Name="Script" DisplayName="スクリプトのみ"/>
    <EnumValue Name="Mixed" DisplayName="マネージドとネイティブ"/>
    <EnumValue Name="NativeWithScript" DisplayName="スクリプトとネイティブ"/>
  </EnumProperty>
  <DynamicEnumProperty Name="GPUDebuggerTargetType" DisplayName="デバッグ アクセラレータの種類" Category="GPUOptions" EnumProvider="GPUTargets" F1Keyword="VC.Project.IVCAppHostSimulatorDebugPageObject.GPUDebuggerTargetType" Description="GPU コードのデバッグに使用するデバッグ アクセラレータ タイプです (GPU デバッガーがアクティブなときに使用可能)。">
    <DynamicEnumProperty.Metadata>
      <NameValuePair Name="ParentPropertyName" Value="DebuggerType"/>
      <NameValuePair Name="ParentPropertyValue" Value="GPUOnly"/>
    </DynamicEnumProperty.Metadata>
  </DynamicEnumProperty>
    
  <EnumProperty Name="GPURefDebuggerBreakOnAllThreads" DisplayName="GPU 既定のブレークポイントの動作" Category="GPUOptions" Description="GPU デバッガーを中断する頻度を設定します。" F1Keyword="VC.Project.IVCAppHostSimulatorDebugPageObject.BreakpointBehavior">
    <EnumValue Name="GPURefBreakOncePerWarp" DisplayName="ワープごとに 1 回だけ中断" Description="ワープごとに 1 回だけ中断"/>
    <EnumValue Name="GPURefBreakForCPUThread" DisplayName="各スレッドで中断 (CPU の動作と同じ)" Description="各スレッドで中断 (CPU の動作と同じ)"/>
    <EnumProperty.Metadata>
      <NameValuePair Name="ParentPropertyName" Value="DebuggerType"/>
      <NameValuePair Name="ParentPropertyValue" Value="GPUOnly"/>
    </EnumProperty.Metadata>
  </EnumProperty>
  <DynamicEnumProperty Name="DebuggerAmpDefaultAccelerator" DisplayName="AMP の既定のアクセラレータ" EnumProvider="AmpAccelerators" F1Keyword="VC.Project.IVCAppHostSimulatorDebugPageObject.AmpDefaultAccelerator" Description="C++ AMP の既定のアクセラレータ選択をオーバーライドします。マネージド コードをデバッグする際には、プロパティが適用されません。">
  </DynamicEnumProperty>
  <StringProperty Name="LayoutDir" DisplayName="パッケージ配置パス" Description="バイナリ出力がコピーされるパッケージ レイアウトの場所。この場所にはプロジェクト用のバイナリ以外のアセットが含まれる場合もあります。"/>
  <StringProperty Name="CommandLineArgs" DisplayName="コマンド ライン引数" Description="デバッガーに渡されるコマンド ライン引数。"/>
</Rule>
