<?xml version="1.0" encoding="utf-8"?>
<!--Copyright, Microsoft Corporation, All rights reserved.-->
<Rule Name="BSCMake" PageTemplate="tool" DisplayName="ブラウザー情報" SwitchPrefix="/" Order="80" xmlns="http://schemas.microsoft.com/build/2009/properties" xmlns:x="http://schemas.microsoft.com/winfx/2006/xaml" xmlns:sys="clr-namespace:System;assembly=mscorlib">
  <Rule.Categories>
    <Category Name="General" DisplayName="全般"/>
    <Category Name="All Options" DisplayName="すべてのオプション" Subtype="Search"/>
    <Category Name="Command Line" DisplayName="コマンド ライン" Subtype="CommandLine"/>
  </Rule.Categories>
  <Rule.DataSource>
    <DataSource Persistence="ProjectFile" ItemType="Bscmake" Label="" HasConfigurationCondition="true"/>
  </Rule.DataSource>
  <BoolProperty Name="SuppressStartupBanner" DisplayName="著作権情報の非表示" Description="標準の Microsoft 著作権情報を表示せずに実行します。(/nologo)" Category="General" Switch="nologo" F1Keyword="VC.Project.VCBscMakeTool.SuppressStartupBanner">
  </BoolProperty>
  <StringProperty Subtype="file" Name="OutputFile" DisplayName="出力ファイル" Description="既定の出力ファイル名をオーバーライドします (/o[file])" Category="General" Switch="o" F1Keyword="VC.Project.VCBscMakeTool.OutputFile">
  </StringProperty>
  <BoolProperty Name="PreserveSbr" DisplayName="SBR ファイルの保持" Description="bscmake.exe によって、.sbr ファイルを保持するフル ビルドが実行されるようにします。これにより、代替のインクリメンタル ビルドによる方法が有効になります。(/n)" Category="General" Switch="n" F1Keyword="VC.Project.VCBscMakeTool.PreserveSBR">
  </BoolProperty>
  <StringProperty Subtype="folder" Name="TrackerLogDirectory" DisplayName="トラッカー ログのディレクトリ" Description="トラッカー ログのディレクトリです。" Category="General" IncludeInCommandLine="false" Visible="false">
  </StringProperty>
  <StringProperty Name="AdditionalOptions" DisplayName="その他のオプション" Description="その他のオプション" Category="Command Line" F1Keyword="vc.project.AdditionalOptionsPage">
  </StringProperty>
</Rule>
