<?xml version="1.0" encoding="utf-8"?>
<!--Copyright, Microsoft Corporation, All rights reserved.-->
<Rule Name="CL" PageTemplate="tool" DisplayName="C/C++" SwitchPrefix="/" Order="10" xmlns="http://schemas.microsoft.com/build/2009/properties" xmlns:x="http://schemas.microsoft.com/winfx/2006/xaml" xmlns:sys="clr-namespace:System;assembly=mscorlib">
  <Rule.Categories>
    <Category Name="General" DisplayName="全般"/>
    <Category Name="Optimization" DisplayName="最適化"/>
    <Category Name="Preprocessor" DisplayName="プリプロセッサ"/>
    <Category Name="Code Generation" DisplayName="コード生成"/>
    <Category Name="Language" DisplayName="言語"/>
    <Category Name="Precompiled Headers" DisplayName="プリコンパイル済みヘッダー"/>
    <Category Name="Output Files" DisplayName="出力ファイル"/>
    <Category Name="Browse Information" DisplayName="ブラウザー情報"/>
    <Category Name="Advanced" DisplayName="詳細設定"/>
    <Category Name="All Options" DisplayName="すべてのオプション" Subtype="Search"/>
    <Category Name="Command Line" DisplayName="コマンド ライン" Subtype="CommandLine"/>
  </Rule.Categories>
  <Rule.DataSource>
    <DataSource Persistence="ProjectFile" ItemType="ClCompile" Label="" HasConfigurationCondition="true"/>
  </Rule.DataSource>
  <StringListProperty Subtype="folder" Name="AdditionalIncludeDirectories" DisplayName="追加のインクルード ディレクトリ" Description="インクルード パスに追加するディレクトリを指定します。複数指定する場合には、セミコロンで区切ってください。(/I[パス])" Category="General" Switch="I" F1Keyword="VC.Project.VCCLCompilerTool.AdditionalIncludeDirectories">
  </StringListProperty>
  <StringListProperty Subtype="folder" Name="AdditionalUsingDirectories" DisplayName="追加の #using ディレクトリ" Description="#using ディレクティブに渡された名前を解決するために検索される 1 つ以上のディレクトリを指定します (複数のディレクトリ名はセミコロンで区切ってください)。(/AI[パス])" Category="General" Switch="AI" F1Keyword="VC.Project.VCCLCompilerTool.AdditionalUsingDirectories">
  </StringListProperty>
  <EnumProperty Name="DebugInformationFormat" DisplayName="デバッグ情報の形式" Description="コンパイラにより生成されるデバッグ情報の種類を指定します。これにより互換性のあるリンカー設定が必要になります。(/Z7, Zd, /Zi, /ZI)" Category="General" F1Keyword="VC.Project.VCCLCompilerTool.DebugInformationFormat">
    <EnumValue Name="None" Switch="" DisplayName="なし" Description="デバッグ情報が生成されないため、コンパイルが高速になる可能性があります。">
    </EnumValue>
    <EnumValue Name="OldStyle" Switch="Z7" DisplayName="C7 互換" Description="プログラム用に作成されるデバッグ情報の種類、およびこの情報をオブジェクト (.obj) ファイルまたはプログラム データベース (PDB) のどちらに保存するかを選択します。">
    </EnumValue>
    <EnumValue Name="ProgramDatabase" Switch="Zi" DisplayName="プログラム データベース" Description="デバッガーで使用する型情報およびシンボリック デバッグ情報を含むプログラム データベース (PDB) を生成します。シンボリック デバッグ情報には、変数の名前と型、および関数と行番号が含まれます。">
    </EnumValue>
    <EnumValue Name="EditAndContinue" Switch="ZI" DisplayName="エディット コンティニュのプログラム データベース" Description="先に説明したように、エディット コンティニュ機能をサポートする形式でプログラム データベースを生成します。">
    </EnumValue>
  </EnumProperty>
  <BoolProperty Name="SupportJustMyCode" DisplayName="[マイ コードのみ] のデバッグをサポートする" Description="このコンパイル ユニットで [マイ コードのみ] のデバッグを有効にするためのサポート コードを追加します。(/JMC)" Category="General" Switch="JMC" F1Keyword="VC.Project.VCCLCompilerTool.SupportJustMyCode">
  </BoolProperty>
  <EnumProperty Name="CompileAsManaged" DisplayName="共通言語ランタイム サポート" Description=".NET ランタイム サービスを使用します。このスイッチは、他の一部のスイッチと互換性がありません。詳細については、スイッチの /clr ファミリでドキュメントを参照してください。" Category="General" F1Keyword="VC.Project.VCCLCompilerTool.CompileAsManaged">
    <EnumValue Name="false" Switch="" DisplayName="共通言語ランタイム サポートを使用しない" Description="共通言語ランタイム サポートを使用しない">
    </EnumValue>
    <EnumValue Name="true" Switch="clr" DisplayName="共通言語ランタイム サポート" Description="アプリケーションのメタデータを作成して、他の CLR アプリケーションで使用できるようにします。また、アプリケーションで、他の CLR コンポーネントのメタデータの型およびデータを使用できるようにします。">
    </EnumValue>
    <EnumValue Name="Pure" Switch="clr:pure" DisplayName="純粋 MSIL 共通言語ランタイム サポート" Description="ネイティブの実行可能コードを含まない、MSIL のみの出力ファイルを作成します。ただし、MSIL にコンパイルされたネイティブ型を含めることはできます。">
    </EnumValue>
    <EnumValue Name="Safe" Switch="clr:safe" DisplayName="安全な MSIL 共通言語ランタイム サポート" Description="ネイティブの実行可能コードを含まない MSIL のみの、検証可能な出力ファイルを作成します。">
    </EnumValue>
  </EnumProperty>
  <BoolProperty Name="CompileAsWinRT" DisplayName="Windows ランタイム拡張機能の使用" Description="Windows ランタイム言語拡張機能を使用します。(/ZW) " Category="General" Switch="ZW" F1Keyword="VC.Project.VCCLCompilerTool.CompileAsWinRT">
  </BoolProperty>
  <BoolProperty Name="WinRTNoStdLib" DisplayName="標準 WinRT ライブラリはありません" Description="コンパイラに既定の Windows.winmd を使用しないように指示します。このケースでは、/FU として渡します。" Category="General" Switch="ZW:nostdlib" Visible="false">
  </BoolProperty>
  <BoolProperty Name="SuppressStartupBanner" DisplayName="著作権情報の非表示" Description="コンパイラの開始時およびコンパイル中の情報メッセージに著作権情報を表示しません。" Category="General" Switch="nologo" F1Keyword="VC.Project.VCCLCompilerTool.SuppressStartupBanner">
  </BoolProperty>
  <EnumProperty Name="WarningLevel" DisplayName="警告レベル" Description="コード エラーに対するコンパイラの警告レベルを指定します。(/W0 - /W4)" Category="General" F1Keyword="VC.Project.VCCLCompilerTool.WarningLevel">
    <EnumValue Name="TurnOffAllWarnings" Switch="W0" DisplayName="すべての警告を非表示にする" Description="レベル 0 はすべての警告を無効にします。">
    </EnumValue>
    <EnumValue Name="Level1" Switch="W1" DisplayName="レベル 1" Description="レベル 1 は重大な警告を表示します。レベル 1 はコマンド ラインの既定の警告レベルです。">
    </EnumValue>
    <EnumValue Name="Level2" Switch="W2" DisplayName="レベル 2" Description="レベル 2 は、レベル 1 のすべての警告およびレベル 1 より重大度の低い警告を表示します。">
    </EnumValue>
    <EnumValue Name="Level3" Switch="W3" DisplayName="レベル 3" Description="レベル 3 は、レベル 2 のすべての警告、および運用のために推奨される他のすべての警告を表示します。">
    </EnumValue>
    <EnumValue Name="Level4" Switch="W4" DisplayName="レベル 4" Description="レベル 4 は、レベル 3 のすべての警告、および情報のための警告 (ほとんどの場合、無視しても安全な警告) を表示します。">
    </EnumValue>
    <EnumValue Name="EnableAllWarnings" Switch="Wall" DisplayName="警告をすべて有効にする" Description="既定で無効にされている警告を含む、すべての警告を有効にします。">
    </EnumValue>
  </EnumProperty>
  <BoolProperty ReverseSwitch="WX-" Name="TreatWarningAsError" DisplayName="警告をエラーとして扱う" Description="すべてのコンパイラ警告をエラーとして扱います。新しいプロジェクトの場合、すべてのコンパイルで /WX を使用することをお勧めします。すべての警告を解決することで、コードの欠陥を見逃す可能性が低くなります。" Category="General" Switch="WX" F1Keyword="VC.Project.VCCLCompilerTool.WarnAsError">
  </BoolProperty>
  <StringProperty Name="WarningVersion" DisplayName="警告のバージョン" Description="特定のバージョンのコンパイラより後に導入された警告を非表示にします。(/Wv:xx[.yy[.zzzzz]])" Category="General" Switch="Wv:" F1Keyword="VC.Project.VCCLCompilerTool.WarningVersion">
  </StringProperty>
  <EnumProperty Name="DiagnosticsFormat" DisplayName="診断の形式" Description="詳細な診断を有効にして、診断メッセージに列情報とソース コンテキストを追加します。" Category="General" F1Keyword="VC.Project.VCCLCompilerTool.DiagnosticsFormat">
    <EnumValue Name="Caret" Switch="diagnostics:caret" DisplayName="キャレット" Description="診断メッセージに列情報を提供するとともに、関連するソース コード行を出力し、問題となっている列をキャレットで示します。">
    </EnumValue>
    <EnumValue Name="Column" Switch="diagnostics:column" DisplayName="列情報" Description="追加情報として、診断が出された行内の列番号が提供されます (該当する場合)。">
    </EnumValue>
    <EnumValue Name="Classic" Switch="diagnostics:classic" DisplayName="クラシック" Description="行番号の付いた、以前の簡潔な診断メッセージを残します。">
    </EnumValue>
  </EnumProperty>
  <BoolProperty ReverseSwitch="sdl-" Name="SDLCheck" DisplayName="SDL チェック" Description="推奨される追加の Security Development Lifecycle (SDL) チェックです。追加の安全なコード生成機能を有効にし、追加のセキュリティ関連警告をエラーとして有効にします。(/sdl, /sdl-)" Category="General" Switch="sdl" F1Keyword="VC.Project.VCCLCompilerTool.SDLCheck">
  </BoolProperty>
  <StringProperty Subtype="folder" Name="TrackerLogDirectory" DisplayName="トラッカー ログのディレクトリ" Description="トラッカー ログのディレクトリです。" Category="General" IncludeInCommandLine="false" Visible="false">
  </StringProperty>
  <BoolProperty Name="MultiProcessorCompilation" DisplayName="複数プロセッサによるコンパイル" Description="複数プロセッサによるコンパイルです。" Category="General" Switch="MP" F1Keyword="VC.Project.VCCLCompilerTool.MultiProcessorCompilation">
    <Argument Property="ProcessorNumber" IsRequired="false"/>
  </BoolProperty>
  <IntProperty Name="ProcessorNumber" DisplayName="プロセッサ数" Description="プロセッサの数。" Category="General" Visible="false">
  </IntProperty>
  <BoolProperty Name="ForceSynchronousPDBWrites" DisplayName="PDB の同期書き込みの強制実行" Description="並列でビルドするときの PDB への同期書き込みです。" Category="General" Switch="FS" Visible="false" F1Keyword="VC.Project.VCCLCompilerTool.ForceSynchronousPDBWrites">
  </BoolProperty>
  <BoolProperty Name="EnableASAN" DisplayName="Address Sanitizer を有効にする (試験段階)" Description="AddressSanitizer を使用してプログラムのコンパイルとリンクを行います。現在、x86 (32 ビット) リリース ビルドでのみ使用できます。" Category="General" Switch="fsanitize=address" F1Keyword="VC.Project.VCCLCompilerTool.EnableASAN">
    <BoolProperty.DataSource>
      <DataSource Persistence="ProjectFile" ItemType="" Label="Configuration" HasConfigurationCondition="true"/>
    </BoolProperty.DataSource>
  </BoolProperty>
  <EnumProperty Name="Optimization" DisplayName="最適化" Description="コード最適化のオプションを選択します。特定の最適化オプションを使用するには、[カスタム] を選択します。(/Od、/O1、/O2)" Category="Optimization" F1Keyword="VC.Project.VCCLCompilerTool.Optimization">
    <EnumValue Name="Custom" Switch="" DisplayName="カスタム" Description="カスタムの最適化。">
    </EnumValue>
    <EnumValue Name="Disabled" Switch="Od" DisplayName="無効" Description="最適化を無効にします。">
    </EnumValue>
    <EnumValue Name="MinSpace" Switch="O1" DisplayName="最大最適化 (サイズを優先)" Description="/Og /Os /Oy /Ob2 /Gs /GF /Gy に相当します">
    </EnumValue>
    <EnumValue Name="MaxSpeed" Switch="O2" DisplayName="最大最適化 (速度を優先)" Description="/Og /Oi /Ot /Oy /Ob2 /Gs /GF /Gy に相当します">
    </EnumValue>
    <EnumValue Name="Full" Switch="Ox" DisplayName="最適化 (速度を優先)" Description="/Og /Oi /Ot /Oy /Ob2 に相当します">
    </EnumValue>
  </EnumProperty>
  <EnumProperty Name="InlineFunctionExpansion" DisplayName="インライン関数の展開" Description="ビルドのインライン関数の拡張レベルを選択してください。(/Ob1、/Ob2)" Category="Optimization" F1Keyword="VC.Project.VCCLCompilerTool.InlineFunctionExpansion">
    <EnumValue Name="Default" Switch="" DisplayName="既定">
    </EnumValue>
    <EnumValue Name="Disabled" Switch="Ob0" DisplayName="無効" Description="既定では有効になっているインライン展開を無効にします。">
    </EnumValue>
    <EnumValue Name="OnlyExplicitInline" Switch="Ob1" DisplayName="__inline のみ" Description="インラインとしてマークされている関数 (__inline、__forceinline、または __inline)、またはクラス宣言内で定義されている C++ メンバー関数内の関数のみを展開します。">
    </EnumValue>
    <EnumValue Name="AnySuitable" Switch="Ob2" DisplayName="拡張可能な関数すべて" Description="inline または __inline としてマークされている関数、およびコンパイラが選択した他の関数を展開します (展開はコンパイラの裁量で行われ、一般に自動インライン展開 (auto-inlining) と呼ばれます)。">
    </EnumValue>
  </EnumProperty>
  <BoolProperty Name="IntrinsicFunctions" DisplayName="組み込み関数を使用する" Description="組み込み関数を使用します。組み込み関数を使用すると高速に実行するコードが生成されますが、コード サイズが大きくなる可能性があります。(/Oi)" Category="Optimization" Switch="Oi" F1Keyword="VC.Project.VCCLCompilerTool.EnableIntrinsicFunctions">
  </BoolProperty>
  <EnumProperty Name="FavorSizeOrSpeed" DisplayName="速度またはサイズを優先" Description="コードの速度とサイズのどちらを優先するかを選択します。[グローバルな最適化] を有効にする必要があります。(/Ot, /Os)" Category="Optimization" F1Keyword="VC.Project.VCCLCompilerTool.FavorSizeOrSpeed">
    <EnumValue Name="Size" Switch="Os" DisplayName="実行可能ファイルのサイズを優先" Description="実行可能ファイルのサイズを優先します。速度よりサイズを優先するようにコンパイラを設定することで、EXE および DLL のサイズを最小化します。">
    </EnumValue>
    <EnumValue Name="Speed" Switch="Ot" DisplayName="実行速度を優先" Description="実行速度を優先します。サイズより速度を優先するようにコンパイラを設定することで、EXE および DLL の速度を最大化します (既定値)。">
    </EnumValue>
    <EnumValue Name="Neither" Switch="" DisplayName="なし" Description="サイズおよび速度の最適化は行いません。">
    </EnumValue>
  </EnumProperty>
  <BoolProperty ReverseSwitch="Oy-" Name="OmitFramePointers" DisplayName="フレーム ポインターなし" Description="呼び出し履歴にフレーム ポインターを作成しません。" Category="Optimization" Switch="Oy" F1Keyword="VC.Project.VCCLCompilerTool.OmitFramePointers">
  </BoolProperty>
  <BoolProperty Name="EnableFiberSafeOptimizations" DisplayName="ファイバー保護の最適化" Description="ファイバーとスレッド ローカル ストレージ アクセスを使用するときに、メモリ スペースを最適化します。(/GT)" Category="Optimization" Switch="GT" F1Keyword="VC.Project.VCCLCompilerTool.EnableFiberSafeOptimizations">
  </BoolProperty>
  <BoolProperty Name="WholeProgramOptimization" DisplayName="プログラム全体の最適化" Description="コードの生成をリンク時に行うことで、モジュール間の最適化を有効にします。リンカーのオプション [リンク時のコード生成] がオンになっている必要があります。(/GL)" Category="Optimization" Switch="GL" F1Keyword="VC.Project.VCCLWCECompilerTool.WholeProgramOptimization">
  </BoolProperty>
  <StringListProperty Name="PreprocessorDefinitions" DisplayName="プリプロセッサの定義" Description="ソース ファイルの前処理シンボルを定義します。" Category="Preprocessor" Switch="D " F1Keyword="VC.Project.VCCLCompilerTool.PreprocessorDefinitions">
  </StringListProperty>
  <StringListProperty Name="UndefinePreprocessorDefinitions" DisplayName="指定したプリプロセッサ定義の無効化" Description="特定のプリプロセッサの定義を無効にします。複数指定できます。(/U[マクロ])" Category="Preprocessor" Switch="U" F1Keyword="VC.Project.VCCLCompilerTool.UndefinePreprocessorDefinitions">
  </StringListProperty>
  <BoolProperty Name="UndefineAllPreprocessorDefinitions" DisplayName="すべてのプリプロセッサ定義の無効化" Description="すべてのプリプロセッサの定義済み定義を無効にします。(/u)" Category="Preprocessor" Switch="u" F1Keyword="VC.Project.VCCLCompilerTool.UndefineAllPreprocessorDefinitions">
  </BoolProperty>
  <BoolProperty Name="IgnoreStandardIncludePath" DisplayName="標準インクルード パスの無視" Description="コンパイラが、INCLUDE 環境変数で指定されているディレクトリ内のインクルード ファイルを検索しないようにします。" Category="Preprocessor" Switch="X" F1Keyword="VC.Project.VCCLCompilerTool.IgnoreStandardIncludePath">
  </BoolProperty>
  <BoolProperty Name="PreprocessToFile" DisplayName="ファイルの前処理" Description="C および C++ ソース ファイルを前処理し、前処理済みの出力をファイルに書き込みます。このオプションではコンパイルが行われないため、.obj ファイルは生成されません。" Category="Preprocessor" Switch="P" F1Keyword="VC.Project.VCCLCompilerTool.GeneratePreprocessedFile">
  </BoolProperty>
  <StringProperty Name="PreprocessOutputPath" DisplayName="前処理の出力パス" Description="プリプロセッサの出力パスを指定します。既定の場所は、ソース ファイルと同じです。" Category="Preprocessor" Switch="Fi" Visible="false">
  </StringProperty>
  <BoolProperty Name="PreprocessSuppressLineNumbers" DisplayName="行番号の前処理の抑制" Description="#line ディレクティブを使用せずに前処理します。" Category="Preprocessor" Switch="EP" F1Keyword="VC.Project.VCCLCompilerTool.GeneratePreprocessedFileNoLines">
  </BoolProperty>
  <BoolProperty Name="PreprocessKeepComments" DisplayName="コメントを残す" Description="ソース コードのコメントを削除しません。使用するには、[前処理済みファイルの生成] の設定が必要です。(/C)" Category="Preprocessor" Switch="C" F1Keyword="VC.Project.VCCLCompilerTool.KeepComments">
  </BoolProperty>
  <BoolProperty ReverseSwitch="GF-" Name="StringPooling" DisplayName="文字列プール" Description="コンパイラの実行中に、プログラム イメージ内およびメモリ内に同じ文字列の単一の読み取り専用コピーを作成することで、プログラムのサイズを小さくします (文字列プールと呼ばれる最適化です)。/O1、/O2、および /ZI では /GF オプションが自動的に設定されます。" Category="Code Generation" Switch="GF" F1Keyword="VC.Project.VCCLCompilerTool.StringPooling">
  </BoolProperty>
  <BoolProperty ReverseSwitch="Gm-" Name="MinimalRebuild" DisplayName="最小リビルドを有効にする" Description="最小リビルドを有効にします。これにより、(ヘッダー (.h) ファイルに格納されている) 変更された C++ クラス定義を含む  C++ ソース ファイルを再コンパイルする必要があるかどうかが決まります。" Category="Code Generation" Switch="Gm" F1Keyword="VC.Project.VCCLCompilerTool.MinimalRebuild">
  </BoolProperty>
  <EnumProperty Name="ExceptionHandling" DisplayName="C++ の例外を有効にする" Description="コンパイラで使用する例外処理のモデルを指定します。" Category="Code Generation" F1Keyword="VC.Project.VCCLCompilerTool.ExceptionHandling">
    <EnumValue Name="Async" Switch="EHa" DisplayName="はい - SEH の例外あり" Description="非同期 (構造化) 例外および同期 (C++) 例外をキャッチする例外処理モデルです。 (/EHa)">
    </EnumValue>
    <EnumValue Name="Sync" Switch="EHsc" DisplayName="はい" Description="C++ 例外のみをキャッチし、extern C 関数が C++ 例外をスローしないことを前提とするようにコンパイラに指示する例外処理モデルです。(/EHsc)">
    </EnumValue>
    <EnumValue Name="SyncCThrow" Switch="EHs" DisplayName="はい - Extern C 関数あり" Description="C++ 例外のみをキャッチし、extern C 関数が C++ 例外をスローすることを前提とするようにコンパイラに指示する例外処理モデルです。(/EHs)">
    </EnumValue>
    <EnumValue Name="false" Switch="" DisplayName="いいえ" Description="例外処理を行いません。">
    </EnumValue>
  </EnumProperty>
  <BoolProperty Name="SmallerTypeCheck" DisplayName="小さい型への変換チェック" Description="小さい型への変換をチェックします。デバッグ ビルド以外で最適化を指定している場合は無効になります。(/RTCc)" Category="Code Generation" Switch="RTCc" F1Keyword="VC.Project.VCCLCompilerTool.SmallerTypeCheck">
  </BoolProperty>
  <EnumProperty Name="BasicRuntimeChecks" DisplayName="基本ランタイム チェック" Description="Basic ランタイム エラー チェックを行います。デバッグ ビルド以外で最適化を指定している場合は無効になります。(/RTCs、/RTCu、/RTC1)" Category="Code Generation" F1Keyword="VC.Project.VCCLCompilerTool.BasicRuntimeChecks">
    <EnumValue Name="StackFrameRuntimeCheck" Switch="RTCs" DisplayName="スタック フレーム" Description="スタック フレームの実行時のエラー チェックを有効にします。">
    </EnumValue>
    <EnumValue Name="UninitializedLocalUsageCheck" Switch="RTCu" DisplayName="初期化されていない変数" Description="初期化されていない状態で変数が使用された場合にレポートします。">
    </EnumValue>
    <EnumValue Name="EnableFastChecks" Switch="RTC1" DisplayName="両方 (/RTC1、/RTCsu と同等)" Description="/RTCsu に相当します。">
    </EnumValue>
    <EnumValue Name="Default" Switch="" DisplayName="既定" Description="既定のランタイム チェックです。">
    </EnumValue>
  </EnumProperty>
  <EnumProperty Name="RuntimeLibrary" DisplayName="ランタイム ライブラリ" Description="リンクするランタイム ライブラリを指定します。(/MT、/MTd、/MD、/MDd)" Category="Code Generation" F1Keyword="VC.Project.VCCLCompilerTool.RuntimeLibrary">
    <EnumValue Name="MultiThreaded" Switch="MT" DisplayName="マルチスレッド" Description="アプリケーションで、ランタイム ライブラリのマルチスレッド、静的バージョンが使用されます。">
    </EnumValue>
    <EnumValue Name="MultiThreadedDebug" Switch="MTd" DisplayName="マルチスレッド デバッグ" Description="_DEBUG および _MT を定義します。このオプションによって、リンカーが LIBCMTD.lib を使用して外部シンボルを解決できるように、コンパイラでライブラリ名 LIBCMTD.lib が .obj ファイルに含められます。">
    </EnumValue>
    <EnumValue Name="MultiThreadedDLL" Switch="MD" DisplayName="マルチスレッド DLL" Description="アプリケーションでランタイム ライブラリのマルチスレッド対応および DLL 対応バージョンが使用されます。_MT および _DLL を定義し、コンパイラでライブラリ名 MSVCRT.lib が .obj ファイルに含められます。">
    </EnumValue>
    <EnumValue Name="MultiThreadedDebugDLL" Switch="MDd" DisplayName="マルチスレッド デバッグ DLL" Description="_DEBUG、_MT、および _DLL を定義し、アプリケーションでランタイム ライブラリのマルチスレッド対応および DLL 対応バージョンが使用されます。また、コンパイラでライブラリ名 MSVCRTD.lib が .obj ファイルに含められます。">
    </EnumValue>
  </EnumProperty>
  <EnumProperty Name="StructMemberAlignment" DisplayName="構造体メンバーのアラインメント" Description="構造体メンバーのアラインメントを指定します。1、2、4、8 バイトから選択してください。(/Zp[数値])" Category="Code Generation" F1Keyword="VC.Project.VCCLCompilerTool.StructMemberAlignment">
    <EnumValue Name="1Byte" Switch="Zp1" DisplayName="1 バイト" Description="構造体を 1 バイト境界でパックします。/Zp と同じです。">
    </EnumValue>
    <EnumValue Name="2Bytes" Switch="Zp2" DisplayName="2 バイト" Description="構造体を 2 バイト境界でパックします。">
    </EnumValue>
    <EnumValue Name="4Bytes" Switch="Zp4" DisplayName="4 バイト" Description="構造体を 4 バイト境界でパックします。">
    </EnumValue>
    <EnumValue Name="8Bytes" Switch="Zp8" DisplayName="8 バイト" Description="構造体を 8 バイト境界でパックします (既定)。">
    </EnumValue>
    <EnumValue Name="16Bytes" Switch="Zp16" DisplayName="16 バイト" Description="構造体を 16 バイト境界でパックします。">
    </EnumValue>
    <EnumValue Name="Default" Switch="" DisplayName="既定" Description="既定のアラインメント設定です。">
    </EnumValue>
  </EnumProperty>
  <EnumProperty Name="BufferSecurityCheck" DisplayName="セキュリティ チェック" Description="セキュリティ チェックでは、プログラムのセキュリティに対する一般的な攻撃であるスタックバッファー オーバーランを検出できます。(/GS-、/GS)" Category="Code Generation" F1Keyword="VC.Project.VCCLCompilerTool.BufferSecurityCheck">
    <EnumValue Name="false" Switch="GS-" DisplayName="セキュリティ チェックを無効にします" Description="セキュリティ チェックを無効にします。 (/GS-)">
    </EnumValue>
    <EnumValue Name="true" Switch="GS" DisplayName="セキュリティ チェックを有効にします" Description="セキュリティ チェックを有効にします。 (/GS)">
    </EnumValue>
  </EnumProperty>
  <EnumProperty Name="ControlFlowGuard" DisplayName="制御フロー ガード" Description="Guard のセキュリティ チェックは、コードの不正なブロックにディスパッチする試みを検出します。(/guard:cf)" Category="Code Generation" F1Keyword="VC.Project.VCCLCompilerTool.ControlFlowGuard">
    <EnumValue Name="Guard" Switch="guard:cf" DisplayName="はい" Description="Guard のセキュリティ チェックを有効にする (/guard:cf)">
    </EnumValue>
    <EnumValue Name="false" Switch="" DisplayName="いいえ">
    </EnumValue>
  </EnumProperty>
  <BoolProperty ReverseSwitch="Gy-" Name="FunctionLevelLinking" DisplayName="関数レベルでリンクする" Description="コンパイラで、パッケージ化された関数の形式 (COMDATs) により個別の関数をパッケージ化することを許可します。エディット コンティニュで必要です。(/Gy)" Category="Code Generation" Switch="Gy" F1Keyword="VC.Project.VCCLCompilerTool.EnableFunctionLevelLinking">
  </BoolProperty>
  <BoolProperty ReverseSwitch="Qpar-" Name="EnableParallelCodeGeneration" DisplayName="並列コード生成の有効化" Description="最適化が有効な場合、コンパイラが #pragma loop(hint_parallel[(n)]) を使用して識別されたループに対して並列コードを生成できるようにします。" Category="Code Generation" Switch="Qpar" F1Keyword="VC.Project.VCCLCompilerTool.EnableParallelCodeGeneration">
  </BoolProperty>
  <EnumProperty Name="EnableEnhancedInstructionSet" DisplayName="拡張命令セットを有効にする" Description="IA-32 の SSE、SSE2、AVX、AVX2、AVX-512、x64 の AVX、AVX2、AVX-512 などの拡張命令セットをサポートするプロセッサで見つかった命令の使用を有効にします。現在、/arch:SSE および /arch:SSE2 は x86 アーキテクチャのビルド時のみ使用できます。オプションが指定されていない場合、コンパイラは SSE2 をサポートするプロセッサにある命令を使用します。拡張命令の使用は、/arch:IA32 で無効にできます。  (/arch:SSE、/arch:SSE2、/arch:AVX、/arch:AVX2、/arch:AVX512、/arch:IA32)" Category="Code Generation" F1Keyword="VC.Project.VCCLCompilerTool.EnableEnhancedInstructionSet">
    <EnumValue Name="StreamingSIMDExtensions" Switch="arch:SSE" DisplayName="ストリーミング SIMD 拡張命令" Description="ストリーミング SIMD 拡張命令。 (/arch:SSE)">
    </EnumValue>
    <EnumValue Name="StreamingSIMDExtensions2" Switch="arch:SSE2" DisplayName="ストリーミング SIMD 拡張命令 2" Description="ストリーミング SIMD 拡張命令 2。(/arch:SSE2)">
    </EnumValue>
    <EnumValue Name="AdvancedVectorExtensions" Switch="arch:AVX" DisplayName="Advanced Vector Extensions" Description="Advanced Vector Extensions。 (/arch:AVX)">
    </EnumValue>
    <EnumValue Name="AdvancedVectorExtensions2" Switch="arch:AVX2" DisplayName="Advanced Vector Extensions 2" Description="Advanced Vector Extensions 2。 (/arch:AVX2)">
    </EnumValue>
    <EnumValue Name="AdvancedVectorExtensions512" Switch="arch:AVX512" DisplayName="Advanced Vector Extensions 512" Description="Advanced Vector Extensions 512。(/arch:AVX512)">
    </EnumValue>
    <EnumValue Name="NoExtensions" Switch="arch:IA32" DisplayName="拡張命令なし" Description="拡張命令なし。 (/arch:IA32)">
    </EnumValue>
    <EnumValue Name="NotSet" Switch="" DisplayName="設定なし" Description="設定しません。">
    </EnumValue>
  </EnumProperty>
  <EnumProperty Name="FloatingPointModel" DisplayName="浮動小数点モデル" Description="浮動小数点モデルを設定します。(/fp:precise、/fp:strict、/fp:fast)" Category="Code Generation" F1Keyword="VC.Project.VCCLCompilerTool.floatingPointModel">
    <EnumValue Name="Precise" Switch="fp:precise" DisplayName="Precise" Description="既定値です。等値および非等値の浮動小数点テストの一貫性が向上します。">
    </EnumValue>
    <EnumValue Name="Strict" Switch="fp:strict" DisplayName="Strict" Description="最も厳密な浮動小数点モデルです。/fp:strict により、fp_contract がオフ、fenv_access がオンに設定されます。/fp:except は暗黙的に設定され、/fp:except- を明示的に指定することで無効にできます。/fp:except- を組み合わせて使用することで、/fp:strict により厳密な浮動小数点セマンティクスが強制されますが、例外イベントは考慮されません。">
    </EnumValue>
    <EnumValue Name="Fast" Switch="fp:fast" DisplayName="Fast" Description="ほとんどの場合で最も高速に実行するコードを作成します。">
    </EnumValue>
  </EnumProperty>
  <BoolProperty ReverseSwitch="fp:except-" Name="FloatingPointExceptions" DisplayName="浮動小数点の例外を有効にする" Description="信頼できる浮動小数点の例外モデルです。例外は、トリガーされた直後に発生します。(/fp:except)" Category="Code Generation" Switch="fp:except" F1Keyword="VC.Project.VCCLCompilerTool.FloatingPointExceptions">
  </BoolProperty>
  <BoolProperty Name="CreateHotpatchableImage" DisplayName="ホットパッチ可能なイメージの作成" Description="ホットパッチが有効である場合、コンパイラは各関数の最初の命令がホットパッチに必要な 2 バイトであることを確認します。(/hotpatch)" Category="Code Generation" Switch="hotpatch" F1Keyword="VC.Project.VCCLCompilerTool.CreateHotpatchableImage">
  </BoolProperty>
  <EnumProperty Name="SpectreMitigation" DisplayName="Spectre 軽減策" Description="CVE 2017-5753 に対する Spectre 軽減策。     (/Qspectre)" Category="Code Generation" F1Keyword="VC.Project.VCCLCompilerTool.SpectreMitigation">
    <EnumProperty.DataSource>
      <DataSource Persistence="ProjectFile" ItemType="" Label="Configuration" HasConfigurationCondition="true"/>
    </EnumProperty.DataSource>
    <EnumValue Name="Spectre" Switch="Qspectre" DisplayName="有効" Description="CVE 2017-5753 に対する Spectre 軽減策を有効にします">
    </EnumValue>
    <EnumValue Name="false" Switch="" DisplayName="無効" Description="設定しません。">
    </EnumValue>
  </EnumProperty>
  <BoolProperty Name="DisableLanguageExtensions" DisplayName="言語拡張を無効にする" Description="言語拡張を有効、または無効にします。(/Za)" Category="Language" Switch="Za" F1Keyword="VC.Project.VCCLCompilerTool.DisableLanguageExtensions">
  </BoolProperty>
  <BoolProperty Name="ConformanceMode" DisplayName="準拠モード" Description="準拠モードを有効または非表示にします。     (/permissive-)" Category="Language" Switch="permissive-" F1Keyword="VC.Project.VCCLCompilerTool.ConformanceMode">
  </BoolProperty>
  <BoolProperty ReverseSwitch="Zc:wchar_t-" Name="TreatWChar_tAsBuiltInType" DisplayName="WChar_t をビルトイン型として扱う" Description="指定した場合、wchar_t 型は __int16 に簡潔にマップされるのと同じ方法で __wchar_t にマップされるネイティブ型になります。/Zc:wchar_t は既定で有効です。" Category="Language" Switch="Zc:wchar_t" F1Keyword="VC.Project.VCCLCompilerTool.TreatWChar_tAsBuiltInType">
  </BoolProperty>
  <BoolProperty ReverseSwitch="Zc:forScope-" Name="ForceConformanceInForLoopScope" DisplayName="for ループ スコープの強制準拠" Description="Microsoft 拡張機能を使用して for ステートメント ループの標準の C++ 動作を実装します (/Za、/Ze (言語拡張を無効にします))。/Zc:forScope は既定で有効です。" Category="Language" Switch="Zc:forScope" F1Keyword="VC.Project.VCCLCompilerTool.ForceConformanceInForLoopScope">
  </BoolProperty>
  <BoolProperty Name="RemoveUnreferencedCodeData" DisplayName="参照されていないコードやデータを削除します" Description="指定した場合、参照されていないコードやデータのシンボル情報をコンパイラは生成しなくなります。" Category="Language" Switch="Zc:inline" F1Keyword="VC.Project.VCCLCompilerTool.RemoveUnreferencedCodeData">
  </BoolProperty>
  <BoolProperty ReverseSwitch="Zc:rvalueCast-" Name="EnforceTypeConversionRules" DisplayName="型変換規則を強制する" Description="C++11 標準に合わせて、キャスト演算の結果の右辺値参照型を特定するために使用されます。" Category="Language" Switch="Zc:rvalueCast" F1Keyword="VC.Project.VCCLCompilerTool.EnforceTypeConversionRules">
  </BoolProperty>
  <BoolProperty ReverseSwitch="GR-" Name="RuntimeTypeInfo" DisplayName="ランタイム型情報を有効にする" Description="実行時に C++ のオブジェクト型をチェックするコードを追加します (ランタイム型情報)。(/GR、/GR-)" Category="Language" Switch="GR" F1Keyword="VC.Project.VCCLCompilerTool.RuntimeTypeInfo">
  </BoolProperty>
  <BoolProperty ReverseSwitch="openmp-" Name="OpenMPSupport" DisplayName="OpenMP のサポート" Description="OpenMP 2.0 言語拡張を有効にします。(/openmp)" Category="Language" Switch="openmp" F1Keyword="VC.Project.VCCLCompilerTool.OpenMP">
  </BoolProperty>
  <EnumProperty Name="LanguageStandard" DisplayName="C++ 言語標準" Description="コンパイラが適用する C++ 言語標準を決定します。可能なら、最新バージョンを使用することをお勧めします。(/std:c++14、/std:c++17、/std:c++latest)" Category="Language" F1Keyword="VC.Project.VCCLCompilerTool.CppLanguageStandard">
    <EnumValue Name="Default" Switch="" DisplayName="既定">
    </EnumValue>
    <EnumValue Name="stdcpp14" Switch="std:c++14" DisplayName="ISO C++14 標準">
    </EnumValue>
    <EnumValue Name="stdcpp17" Switch="std:c++17" DisplayName="ISO C++17 標準">
    </EnumValue>
    <EnumValue Name="stdcpplatest" Switch="std:c++latest" DisplayName="プレビュー - 最新の C++ Working Draft からの機能">
    </EnumValue>
  </EnumProperty>
  <BoolProperty Name="EnableModules" DisplayName="C++ モジュールを有効にする (試験的)" Description="C++ Modules TS および Standard Library モジュールを試験的にサポートします。" Category="Language" Switch="experimental:module" F1Keyword="VC.Project.VCCLCompilerTool.ModulesSupport">
  </BoolProperty>
  <EnumProperty Name="PrecompiledHeader" DisplayName="プリコンパイル済みヘッダー" Description="プリコンパイル済みヘッダーの作成/使用: ビルド時にプリコンパイル済みヘッダーを作成、使用します。(/Yc、/Yu)" Category="Precompiled Headers" F1Keyword="VC.Project.VCCLCompilerTool.UsePrecompiledHeader">
    <EnumValue Name="Create" Switch="Yc" DisplayName="作成" Description="ある時点のコンパイルの状態を表すプリコンパイル済みヘッダー (.pch) ファイルを作成するようにコンパイラを設定します。">
      <Argument Property="PrecompiledHeaderFile" IsRequired="false"/>
    </EnumValue>
    <EnumValue Name="Use" Switch="Yu" DisplayName="使用" Description="現在のコンパイルで既存のプリコンパイル済みヘッダー (.pch) ファイルを使用するようにコンパイラを設定します。">
      <Argument Property="PrecompiledHeaderFile" IsRequired="false"/>
    </EnumValue>
    <EnumValue Name="NotUsing" Switch="" DisplayName="プリコンパイル済みヘッダーを使用しない" Description="プリコンパイル済みヘッダーを使用しません。">
    </EnumValue>
  </EnumProperty>
  <StringProperty Subtype="file" Name="PrecompiledHeaderFile" DisplayName="プリコンパイル済みヘッダー ファイル" Description="プリコンパイル済みヘッダー ファイルの作成または使用で適用するヘッダー ファイル名を指定します。(/Yc[名前]、/Yu[名前])" Category="Precompiled Headers" F1Keyword="VC.Project.VCCLCompilerTool.PrecompiledHeaderThrough">
  </StringProperty>
  <StringProperty Subtype="file" Name="PrecompiledHeaderOutputFile" DisplayName="プリコンパイル済みヘッダー出力ファイル" Description="生成されるプリコンパイル済みヘッダー ファイルのパス、名前を指定します。(/Fp[名前])" Category="Precompiled Headers" Switch="Fp" F1Keyword="VC.Project.VCCLCompilerTool.PrecompiledHeaderFile">
  </StringProperty>
  <BoolProperty Name="ExpandAttributedSource" DisplayName="属性ソースの展開" Description="ソース ファイルに展開された属性を挿入して、リスティング ファイルを作成します。(/Fx)" Category="Output Files" Switch="Fx" F1Keyword="VC.Project.VCCLCompilerTool.ExpandAttributedSource">
  </BoolProperty>
  <EnumProperty Name="AssemblerOutput" DisplayName="アセンブリの出力" Description="アセンブリ言語の出力ファイルの内容を指定します。(/FA、/FAc、/FAs、/FAcs)" Category="Output Files" F1Keyword="VC.Project.VCCLCompilerTool.AssemblerOutput">
    <EnumValue Name="NoListing" Switch="" DisplayName="なし" Description="なし。">
    </EnumValue>
    <EnumValue Name="AssemblyCode" Switch="FA" DisplayName="アセンブリ コードのみ" Description="アセンブリ コード: .asm">
    </EnumValue>
    <EnumValue Name="AssemblyAndMachineCode" Switch="FAc" DisplayName="アセンブリ コードとコンピューター語コード" Description="コンピューター語コードとアセンブリ コード: .cod">
    </EnumValue>
    <EnumValue Name="AssemblyAndSourceCode" Switch="FAs" DisplayName="アセンブリ コードとソース コード" Description="ソース コードとアセンブリ コード: .asm">
    </EnumValue>
    <EnumValue Name="All" Switch="FAcs" DisplayName="アセンブリ コード、コンピューター語コード、ソース コード" Description="アセンブリ コード、コンピューター語コード、ソース コード: .cod">
    </EnumValue>
  </EnumProperty>
  <BoolProperty Name="UseUnicodeForAssemblerListing" DisplayName="アセンブラー リストに Unicode を使用する" Description="出力ファイルが UTF-8 形式で作成されます。" Category="Output Files" Switch="FAu" F1Keyword="VC.Project.VCCLCompilerTool.UseUnicodeForAssemblerListing">
  </BoolProperty>
  <StringProperty Subtype="file" Name="AssemblerListingLocation" DisplayName="ASM リストの場所" Description="ASM リスティング ファイルへの相対パスおよびファイル名を指定します。ファイル名、またはディレクトリ名を指定してください。(/Fa[名前])" Category="Output Files" Switch="Fa" F1Keyword="VC.Project.VCCLCompilerTool.AssemblerListingLocation">
  </StringProperty>
  <StringProperty Subtype="file" Name="ObjectFileName" DisplayName="オブジェクト ファイル名" Description="既定の名前以外のオブジェクト ファイルを指定します。ファイル名、またはディレクトリ名を指定してください。(/Fo[名前])" Category="Output Files" Switch="Fo" F1Keyword="VC.Project.VCCLCompilerTool.ObjectFile">
  </StringProperty>
  <StringProperty Subtype="file" Name="ProgramDataBaseFileName" DisplayName="プログラム データベース ファイルの名前" Description="コンパイラで生成される .PDB ファイルの名前を指定します。また、コンパイラで生成される .IDB ファイルの基本名も指定します。ファイル名、またはディレクトリ名を指定してください。(/Fd[名前])" Category="Output Files" Switch="Fd" F1Keyword="VC.Project.VCCLCompilerTool.ProgramDataBaseFileName">
  </StringProperty>
  <BoolProperty Name="GenerateXMLDocumentationFiles" DisplayName="XML ドキュメント ファイルの生成" Description="コンパイラが XML ドキュメント コメント ファイル (.XDC) を生成するかどうかを指定します。(/doc)" Category="Output Files" Switch="doc" F1Keyword="VC.Project.VCCLCompilerTool.GenerateXMLDocumentationFiles">
    <Argument Property="XMLDocumentationFileName" IsRequired="false"/>
  </BoolProperty>
  <StringProperty Subtype="file" Name="XMLDocumentationFileName" DisplayName="XML ドキュメント ファイル名" Description="生成された XML ドキュメント ファイルの名前を指定します。ファイル名またはディレクトリ名を指定できます。(/doc[名前])" Category="Output Files" F1Keyword="VC.Project.VCCLCompilerTool.XMLDocumentationFileName">
  </StringProperty>
  <BoolProperty Name="BrowseInformation" DisplayName="ブラウザー情報の有効化" Description="ブラウザー情報を作成する: .bsc ファイルのブラウザー情報の内容を指定します。(/FR)" Category="Browse Information" Switch="FR" F1Keyword="VC.Project.VCCLCompilerTool.BrowseInformation">
    <Argument Property="BrowseInformationFile" IsRequired="false"/>
  </BoolProperty>
  <StringProperty Subtype="file" Name="BrowseInformationFile" DisplayName="ブラウザー情報ファイル" Description="ブラウザー ファイル: ブラウザー情報ファイルのオプション名を指定します。(/FR[name])" Category="Browse Information" F1Keyword="VC.Project.VCCLCompilerTool.BrowseInformationFile">
  </StringProperty>
  <EnumProperty Name="CallingConvention" DisplayName="呼び出し規約" Description="アプリケーションの既定の呼び出し規約を選択します。関数で無効にできます。(/Gd、/Gr、/Gz、/Gv)" Category="Advanced" F1Keyword="VC.Project.VCCLCompilerTool.CallingConvention">
    <EnumValue Name="Cdecl" Switch="Gd" DisplayName="__cdecl" Description="C++ メンバー関数および __stdcall または __fastcall とマークされている関数を除くすべての関数の __cdecl 呼び出し規約を指定します。">
    </EnumValue>
    <EnumValue Name="FastCall" Switch="Gr" DisplayName="__fastcall" Description="C++ メンバー関数および __cdecl または __stdcall とマークされている関数を除くすべての関数の __fastcall 呼び出し規約を指定します。すべての __fastcall 関数にプロトタイプが必要です。">
    </EnumValue>
    <EnumValue Name="StdCall" Switch="Gz" DisplayName="__stdcall" Description="C++ メンバー関数および __cdecl または __fastcall とマークされている関数を除くすべての関数の __stdcall 呼び出し規約を指定します。すべての __stdcall 関数にプロトタイプが必要です。">
    </EnumValue>
    <EnumValue Name="VectorCall" Switch="Gv" DisplayName="__vectorcall" Description="C++ メンバー関数および __cdecl、__fastcall、または __stdcall とマークされている関数を除くすべての関数の __vectorcall 呼び出し規約を指定します。すべての __vectorcall 関数にプロトタイプが必要です。">
    </EnumValue>
  </EnumProperty>
  <EnumProperty Name="CompileAs" DisplayName="コンパイル言語の選択" Description=".C および .CPP ファイルのコンパイル言語オプションを選択します。(/TC、/TP)" Category="Advanced" F1Keyword="VC.Project.VCCLCompilerTool.CompileAs">
    <EnumValue Name="Default" Switch="" DisplayName="既定" Description="既定値です。">
    </EnumValue>
    <EnumValue Name="CompileAsC" Switch="TC" DisplayName="C コードとしてコンパイル" Description="C コードとしてコンパイルします。">
    </EnumValue>
    <EnumValue Name="CompileAsCpp" Switch="TP" DisplayName="C++ コードとしてコンパイル" Description="C++ コードとしてコンパイルします。">
    </EnumValue>
  </EnumProperty>
  <StringListProperty Name="DisableSpecificWarnings" DisplayName="指定の警告を無効にする" Description="指定した警告を無効にします。複数指定する場合は、セミコロンで番号を区切ってください。(/wd[番号])" Category="Advanced" Switch="wd" F1Keyword="VC.Project.VCCLCompilerTool.DisableSpecificWarnings">
  </StringListProperty>
  <StringListProperty Subtype="file" Name="ForcedIncludeFiles" DisplayName="必ず使用されるインクルード ファイル" Description="必ず使用されるインクルード ファイルを指定します。(/FI[ファイル名])" Category="Advanced" Switch="FI" F1Keyword="VC.Project.VCCLCompilerTool.ForcedIncludeFiles">
  </StringListProperty>
  <StringListProperty Subtype="file" Name="ForcedUsingFiles" DisplayName="必ず使用する #using 指定ファイル" Description="1 つ以上の強制的に使用する #using 指定ファイルを指定します。(/FU[ファイル名])" Category="Advanced" Switch="FU" F1Keyword="VC.Project.VCCLCompilerTool.ForcedUsingFiles">
  </StringListProperty>
  <BoolProperty Name="ShowIncludes" DisplayName="インクルード ファイルの表示" Description="コンパイラの出力時に、インクルード ファイルを一覧表示します。(/showIncludes)" Category="Advanced" Switch="showIncludes" F1Keyword="VC.Project.VCCLCompilerTool.ShowIncludes">
  </BoolProperty>
  <BoolProperty ReverseSwitch="analyze-" Name="EnablePREfast" DisplayName="コード分析の有効化" Description="C/C++ コードで共通のコード障害を識別するコード分析機能を有効にします。(/analyze)" Category="Advanced" Switch="analyze" Visible="false" F1Keyword="VC.Project.VCCLCompilerTool.EnablePREfast">
  </BoolProperty>
  <StringProperty Subtype="file" Name="PREfastLog" DisplayName="コード分析ログ" Description="出力ファイルの名前を指定します。(/analyze:log)" Category="Advanced" Switch="analyze:log " Visible="false" F1Keyword="VC.Project.VCCLCompilerTool.EnablePREfast">
  </StringProperty>
  <StringProperty Name="PREfastProjectDirectory" DisplayName="コード分析プロジェクト ディレクトリ" Description="PREfast プロジェクト ディレクトリ ルートの名前を指定します。    (/analyze:projectdirectory)" Category="Advanced" Switch="analyze:projectdirectory" Visible="false" F1Keyword="VC.Project.VCCLCompilerTool.EnablePREfast">
  </StringProperty>
  <StringProperty Name="PREfastRulesetDirectories" DisplayName="コード分析ルールセット ディレクトリ" Description="ルールセット ファイルの検索に使用される 1 つ以上のディレクトリを指定します (セミコロンでディレクトリ名を区切ります)。    (/analyze:rulesetdirectory)" Category="Advanced" Switch="analyze:rulesetdirectory" Visible="false" F1Keyword="VC.Project.VCCLCompilerTool.EnablePREfast">
  </StringProperty>
  <StringProperty Subtype="file" Name="PREfastRulesetFile" DisplayName="コード分析ルールセット ファイル" Description="使用するルールセット ファイルの名前を指定します。    (/analyze:ruleset)" Category="Advanced" Switch="analyze:ruleset" Visible="false" F1Keyword="VC.Project.VCCLCompilerTool.EnablePREfast">
  </StringProperty>
  <StringListProperty Name="PREfastAdditionalOptions" DisplayName="追加のコード分析のネイティブ オプション" Description="コード分析に使用する追加オプション。 " Category="Advanced" Switch="analyze:" Visible="false" F1Keyword="VC.Project.VCCLCompilerTool.PREfastAdditionalOptions">
  </StringListProperty>
  <StringListProperty Name="PREfastAdditionalPlugins" DisplayName="追加のコード分析のネイティブ プラグイン" Description="コード分析に使用する追加プラグイン。 (/analyze:plugin[plugin1.dll])" Category="Advanced" Switch="analyze:plugin" Visible="false" F1Keyword="VC.Project.VCCLCompilerTool.PREfastAdditionalPlugins">
  </StringListProperty>
  <BoolProperty Name="UseFullPaths" DisplayName="完全パスの使用" Description="診断メッセージで完全パスを使用します。(/FC)" Category="Advanced" Switch="FC" F1Keyword="VC.Project.VCCLCompilerTool.UseFullPaths">
  </BoolProperty>
  <BoolProperty Name="OmitDefaultLibName" DisplayName="既定ライブラリ名の省略" Description=".obj ファイルに既定のライブラリ名を含めません。(/Zl)" Category="Advanced" Switch="Zl" F1Keyword="VC.Project.VCCLCompilerTool.OmitDefaultLibName">
  </BoolProperty>
  <EnumProperty Name="ErrorReporting" DisplayName="内部コンパイル エラー報告" Description="内部ツールのエラーをどのようにマイクロソフトに報告するかを指定します。IDE の既定は prompt です。コマンド ライン ビルドでの既定は queue です。(/errorReport:[メソッド])" Category="Advanced" F1Keyword="VC.Project.VCCLCompilerTool.ErrorReporting">
    <EnumValue Name="None" Switch="errorReport:none" DisplayName="レポートを送信しない" Description="内部コンパイラ エラーに関するレポートは、収集されず、マイクロソフトに送信されません。">
    </EnumValue>
    <EnumValue Name="Prompt" Switch="errorReport:prompt" DisplayName="すぐにメッセージを表示" Description="内部コンパイラ エラーを受信したときにレポートを送信するかどうか確認するメッセージを表示します。">
    </EnumValue>
    <EnumValue Name="Queue" Switch="errorReport:queue" DisplayName="次回ログインのためのキュー" Description="エラー レポートをキューに入れます。管理者特権を使用してログインすると、ポップアップ ウィンドウが表示され、最後にログインしてから発生した障害をレポートできます (障害のレポートを送信するかどうか確認するメッセージは 3 日に 1 回よりも多く表示されることはありません)。アプリケーションをコマンド ラインでコンパイルする場合、queue は既定値です。">
    </EnumValue>
    <EnumValue Name="Send" Switch="errorReport:send" DisplayName="自動的に送信する" Description="内部コンパイラ エラーのレポートを自動的にマイクロソフトに送信します。このオプションを有効にするには、最初にマイクロソフトのデータ収集ポリシーに同意する必要があります。コンピューターで最初に /errorReport:send を指定すると、マイクロソフトのデータ収集ポリシーを表示する Web サイトを参照するコンパイラ メッセージが表示されます。">
    </EnumValue>
  </EnumProperty>
  <StringListProperty Name="TreatSpecificWarningsAsErrors" DisplayName="特定の警告をエラーとして扱う" Description="特定のコンパイラ警告をエラーとして扱います。n はコンパイラ警告です。" Category="Advanced" Switch="we" F1Keyword="VC.Project.VCCLCompilerTool.TreatSpecificWarningsAsErrors">
  </StringListProperty>
  <StringProperty Name="AdditionalOptions" DisplayName="その他のオプション" Description="追加オプション。" Category="Command Line" F1Keyword="vc.project.AdditionalOptionsPage">
  </StringProperty>
  <BoolProperty Name="BuildingInIde" Visible="false">
  </BoolProperty>
</Rule>
