<?xml version="1.0" encoding="utf-8"?>
<!--Copyright, Microsoft Corporation, All rights reserved.-->
<Rule Name="CL" PageTemplate="generic" DisplayName="NMake" SwitchPrefix="/" Order="10" xmlns="http://schemas.microsoft.com/build/2009/properties" xmlns:x="http://schemas.microsoft.com/winfx/2006/xaml" xmlns:sys="clr-namespace:System;assembly=mscorlib">

  <Rule.Categories>
    <Category Name="IntelliSense" DisplayName="IntelliSense" Description="IntelliSense"/>
  </Rule.Categories>
 
  <Rule.DataSource>
    <DataSource Persistence="ProjectFile" ItemType="ClCompile" Label="" HasConfigurationCondition="true"/>
  </Rule.DataSource>

  <StringListProperty Name="PreprocessorDefinitions" DisplayName="プリプロセッサの定義" Category="IntelliSense" Switch="D" Description="ソース ファイルで使用されるプリプロセッサの定義を指定します。" F1Keyword="VC.Project.VCNMakeTool.PreprocessorDefinitions"/>
  <StringListProperty Name="AdditionalIncludeDirectories" DisplayName="インクルードの検索パス" Category="IntelliSense" Switch="I" Description="インクルード ファイルの解決に使用されるインクルードの検索パスを指定します。" Subtype="folder" F1Keyword="VC.Project.VCNMakeTool.IncludeSearchPath"/>
  <StringListProperty Name="ForcedIncludeFiles" DisplayName="強制インクルード" Category="IntelliSense" Switch="FI" Description="必ずインクルードされるファイルを指定します。" Subtype="folder" F1Keyword="VC.Project.VCNMakeTool.ForcedIncludes"/>
  <StringListProperty Name="AdditionalUsingDirectories" DisplayName="アセンブリの検索パス" Category="IntelliSense" Switch="AI" Description="使用された .NET アセンブリを解決するためのアセンブリの検索パスを指定します。" Subtype="folder" F1Keyword="VC.Project.VCNMakeTool.AssemblySearchPath"/>
  <StringListProperty Name="ForcedUsingFiles" DisplayName="アセンブリの強制使用" Category="IntelliSense" Switch="FU" Description="ソース ファイルでの使用が強制されているアセンブリを指定します。" F1Keyword="VC.Project.VCNMakeTool.ForcedUsingAssemblies"/>
  <StringProperty Name="AdditionalOptions" DisplayName="その他のオプション" Category="IntelliSense" Description="C++ ファイルの解析時に Intellisense によって使用される追加のコンパイラ スイッチを指定します"/>
</Rule>
