<?xml version="1.0" encoding="utf-8"?>
<!--Copyright, Microsoft Corporation, All rights reserved.-->
<Rule Name="CL" PageTemplate="tool" DisplayName="C/C++" SwitchPrefix="-" Order="10" xmlns="http://schemas.microsoft.com/build/2009/properties" xmlns:x="http://schemas.microsoft.com/winfx/2006/xaml" xmlns:sys="clr-namespace:System;assembly=mscorlib">
  <Rule.Categories>
    <Category Name="General" DisplayName="全般"/>
    <Category Name="Optimization" DisplayName="最適化"/>
    <Category Name="Preprocessor" DisplayName="プリプロセッサ"/>
    <Category Name="Code Generation" DisplayName="コード生成"/>
    <Category Name="Language" DisplayName="言語"/>
    <Category Name="Precompiled Headers" DisplayName="プリコンパイル済みヘッダー"/>
    <Category Name="Advanced" DisplayName="詳細設定"/>
    <Category Name="All Options" DisplayName="すべてのオプション" Subtype="Search"/>
    <Category Name="Command Line" DisplayName="コマンド ライン" Subtype="CommandLine"/>
  </Rule.Categories>
  <Rule.DataSource>
    <DataSource Persistence="ProjectFile" ItemType="ClCompile" Label="" HasConfigurationCondition="true"/>
  </Rule.DataSource>
  <BoolProperty Name="MSVCErrorReport" DisplayName="Visual Studio エラー報告" Description="ファイルと行の情報を分析するために Visual Studio が使用できるエラーを報告します。" Category="General" Switch="fdiagnostics-format=msvc" Visible="false" F1Keyword="">
  </BoolProperty>
  <StringProperty Name="GccToolChain" DisplayName="Gcc ツール チェーン" Description="Gcc ツール チェーンのフォルダー パス。" Category="General" Switch="gcc-toolchain " Visible="false" F1Keyword="">
  </StringProperty>
  <StringProperty Name="TargetArch" DisplayName="ターゲット アーキテクチャ" Description="ターゲット アーキテクチャ" Category="General" Switch="target " Visible="false" F1Keyword="">
  </StringProperty>
  <StringProperty Name="Sysroot" DisplayName="Sysroot" Description="ヘッダーおよびライブラリのルート ディレクトリのフォルダー パス。" Category="General" Switch="-sysroot=" Visible="false" F1Keyword="">
  </StringProperty>
  <StringListProperty Subtype="folder" Name="AdditionalIncludeDirectories" DisplayName="追加のインクルード ディレクトリ" Description="インクルード パスに追加する 1 つ以上のディレクトリを指定します。複数指定する場合には、セミコロンで区切ってください。(-I[パス])" Category="General" Switch="I " F1Keyword="VC.Project.VCClangCompilerTool.AdditionalIncludeDirectories">
  </StringListProperty>
  <EnumProperty Name="DebugInformationFormat" DisplayName="デバッグ情報の形式" Description="コンパイラによって生成されるデバッグ情報の種類を指定します。" Category="General" F1Keyword="VC.Project.VCClangCompilerTool.DebugInformationFormat">
    <EnumValue Name="None" Switch="g0" DisplayName="なし" Description="デバッグ情報が生成されないため、コンパイルが高速になる可能性があります。">
    </EnumValue>
    <EnumValue Name="FullDebug" Switch="g2 -gdwarf-2" DisplayName="完全なデバッグ情報 (DWARF2)" Description="DWARF2 のデバッグ情報を生成します。">
    </EnumValue>
    <EnumValue Name="LineNumber" Switch="gline-tables-only" DisplayName="行番号情報" Description="行番号情報のみを生成します。">
    </EnumValue>
  </EnumProperty>
  <StringProperty Subtype="file" Name="ObjectFileName" DisplayName="オブジェクト ファイル名" Description="既定のオブジェクト ファイル名をオーバーライドする名前を指定します。ファイル名またはディレクトリ名を指定できます (/Fo[名前])。" Category="General" Switch="o " F1Keyword="VC.Project.VCClangCompilerTool.ObjectFile">
  </StringProperty>
  <EnumProperty Name="WarningLevel" DisplayName="警告レベル" Description="コード エラーに対するコンパイラの厳密度を選択します。他のフラグは [追加オプション] に直接追加する必要があります (/w、/Weverything)。" Category="General" F1Keyword="VC.Project.VCClangCompilerTool.WarningLevel">
    <EnumValue Name="TurnOffAllWarnings" Switch="w" DisplayName="すべての警告を非表示にする" Description="すべてのコンパイラ警告を無効にする">
    </EnumValue>
    <EnumValue Name="EnableAllWarnings" Switch="Wall" DisplayName="警告をすべて有効にする" Description="既定で無効にされている警告を含む、すべての警告を有効にします。">
    </EnumValue>
  </EnumProperty>
  <BoolProperty Name="TreatWarningAsError" DisplayName="警告をエラーとして扱う" Description="すべてのコンパイラ警告をエラーとして扱います。新しいプロジェクトの場合、すべてのコンパイルで /WX を使用することをお勧めします。すべての警告を解決することで、コードの欠陥を見逃す可能性が低くなります。" Category="General" Switch="Werror" F1Keyword="VC.Project.VCClangCompilerTool.WarnAsError">
  </BoolProperty>
  <BoolProperty Name="Verbose" DisplayName="詳細モードを有効にする" Description="詳細出力を実行、使用するコマンドを表示します。" Category="General" Switch="v" F1Keyword="VC.Project.VCClangCompilerTool.Verbose">
  </BoolProperty>
  <StringProperty Subtype="folder" Name="TrackerLogDirectory" DisplayName="トラッカー ログのディレクトリ" Description="トラッカー ログのディレクトリです。" Category="General" IncludeInCommandLine="false" Visible="false">
  </StringProperty>
  <EnumProperty Name="Optimization" DisplayName="最適化" Description="アプリケーションの最適化レベルを指定します。" Category="Optimization" F1Keyword="VC.Project.VCClangCompilerTool.Optimization">
    <EnumValue Name="Custom" Switch="" DisplayName="カスタム" Description="カスタムの最適化。">
    </EnumValue>
    <EnumValue Name="Disabled" Switch="O0" DisplayName="無効" Description="最適化を無効にします。">
    </EnumValue>
    <EnumValue Name="MinSize" Switch="Os" DisplayName="サイズの最小化" Description="サイズを最適化します。">
    </EnumValue>
    <EnumValue Name="MaxSpeed" Switch="O2" DisplayName="実行速度の最大化" Description="速度を最適化します。">
    </EnumValue>
    <EnumValue Name="Full" Switch="O3" DisplayName="最大限の最適化" Description="高価な最適化。">
    </EnumValue>
  </EnumProperty>
  <BoolProperty ReverseSwitch="fno-strict-aliasing" Name="StrictAliasing" DisplayName="厳密なエイリアス" Description="厳密なエイリアスのルールを想定します。ある型のオブジェクトが別の型のオブジェクトと同じアドレスに存在することは決してないと想定します。" Category="Optimization" Switch="fstrict-aliasing" F1Keyword="VC.Project.VCClangCompilerTool.StrictAliasing">
  </BoolProperty>
  <EnumProperty Name="ThumbMode" DisplayName="Thumb モード" Description="Thumb のマイクロアーキテクチャを実行するコードを生成します。これは、ARM アーキテクチャにのみ適用されます。" Category="Optimization" Visible="false" F1Keyword="VC.Project.VCClangCompilerTool.ThumbMode">
    <EnumProperty.DataSource>
      <DataSource Persistence="ProjectFile" ItemType="" Label="Configuration" HasConfigurationCondition="true"/>
    </EnumProperty.DataSource>
    <EnumValue Name="Thumb" Switch="mthumb" DisplayName="Thumb" Description="Thumb コードを生成します。">
    </EnumValue>
    <EnumValue Name="ARM" Switch="marm" DisplayName="Arm" Description="Arm コードを生成します。">
    </EnumValue>
    <EnumValue Name="Disabled" Switch="" DisplayName="無効" Description="オプションは選択したプラットフォームには適用されません。">
    </EnumValue>
  </EnumProperty>
  <BoolProperty ReverseSwitch="fno-omit-frame-pointer" Name="OmitFramePointers" DisplayName="フレーム ポインターを省略する" Description="呼び出し履歴にフレーム ポインターを作成しません。" Category="Optimization" Switch="fomit-frame-pointer" F1Keyword="VC.Project.VCClangCompilerTool.OmitFramePointers">
  </BoolProperty>
  <EnumProperty Name="ExceptionHandling" DisplayName="C++ の例外を有効にする" Description="コンパイラで使用する例外処理のモデルを指定します。" Category="Code Generation" F1Keyword="VC.Project.VCClangCompilerTool.ExceptionHandling">
    <EnumValue Name="Disabled" Switch="fno-exceptions" DisplayName="いいえ" Description="例外処理を無効にします。">
    </EnumValue>
    <EnumValue Name="Enabled" Switch="fexceptions" DisplayName="はい" Description="例外処理を有効にします。">
    </EnumValue>
    <EnumValue Name="UnwindTables" Switch="funwind-tables" DisplayName="テーブルをアンワインドします" Description="必要な静的データが生成されますが、生成されるコードには影響しません。">
    </EnumValue>
  </EnumProperty>
  <BoolProperty Name="FunctionLevelLinking" DisplayName="関数レベルでリンクする" Description="コンパイラが個々の関数をパッケージ関数 (COMDAT) の形式でパッケージ化できるようになります。 エディット コンティニュの機能に必要です。     (ffunction セクション)。" Category="Code Generation" Switch="ffunction-sections" F1Keyword="VC.Project.VCClangCompilerTool.EnableFunctionLevelLinking">
  </BoolProperty>
  <BoolProperty Name="DataLevelLinking" DisplayName="データ レベルのリンクを有効にします。" Description="データ項目ごとにセクションを別にすることで、未使用データを削除するリンカー最適化を有効にします。" Category="Code Generation" Switch="fdata-sections" F1Keyword="VC.Project.VCClangCompilerTool.DataLevelLinking">
  </BoolProperty>
  <BoolProperty Name="EnableNeonCodegen" DisplayName="高度な SIMD (Neon) を有効にします。" Description="NEON の浮動小数点ハードウェアのコード生成を有効にします。これは、ARM アーキテクチャにのみ適用されます。" Category="Code Generation" Switch="mfpu=neon" F1Keyword="VC.Project.VCClangCompilerTool.DataLevelLinking">
  </BoolProperty>
  <EnumProperty Name="FloatABI" DisplayName="ABI の浮動小数点" Description="ABI の浮動小数点を選ぶ選択肢。" Category="Code Generation" F1Keyword="VC.Project.VCClangCompilerTool.FloatABI">
    <EnumValue Name="soft" Switch="mfloat-abi=soft" DisplayName="Soft" Description="'Soft' は、浮動小数点演算のライブラリ呼び出しを含む出力をコンパイラに生成させます。">
    </EnumValue>
    <EnumValue Name="softfp" Switch="mfloat-abi=softfp" DisplayName="SoftFP" Description="'SoftFP' では、ハードウェアの浮動小数点命令を使用したコード生成が可能になりますが、soft-float 呼び出し規約が使用されます。">
    </EnumValue>
    <EnumValue Name="hard" Switch="mfloat-abi=hard" DisplayName="Hard" Description="'Hard' では、浮動小数点命令の生成が可能になり、FPU 固有の呼び出し規約が使用されます。">
    </EnumValue>
  </EnumProperty>
  <EnumProperty Name="BufferSecurityCheck" DisplayName="セキュリティ チェック" Description="セキュリティ チェックでは、プログラムのセキュリティに対する一般的な攻撃であるスタックバッファー オーバーランを検出できます (fstack プロテクター)。" Category="Code Generation" F1Keyword="VC.Project.VCClangCompilerTool.BufferSecurityCheck">
    <EnumValue Name="false" Switch="" DisplayName="セキュリティ チェックを無効にします" Description="セキュリティ チェックを無効にします。">
    </EnumValue>
    <EnumValue Name="true" Switch="fstack-protector" DisplayName="セキュリティ チェックを有効にします" Description="セキュリティ チェック (fstack プロテクター） を有効にします。">
    </EnumValue>
  </EnumProperty>
  <BoolProperty Name="PositionIndependentCode" DisplayName="位置独立コード" Description="共有ライブラリで使用する位置独立コード (PIC) を生成します。" Category="Code Generation" Switch="fpic" F1Keyword="VC.Project.VCClangCompilerTool.PIC">
  </BoolProperty>
  <BoolProperty ReverseSwitch="fno-short-enums" Name="UseShortEnums" DisplayName="簡単な列挙型を使用します" Description="列挙型は、入力された値に必要なバイト数と同じだけのバイト数を使用します。" Category="Code Generation" Switch="fshort-enums" F1Keyword="VC.Project.VCClangCompilerTool.UseShortEnums">
  </BoolProperty>
  <EnumProperty Name="RuntimeLibrary" DisplayName="ランタイム ライブラリ" Description="リンク用にランタイム ライブラリを指定します。     (MSVC /MT、/MTd、/MD、/MDd のスイッチ)" Category="Code Generation" F1Keyword="VC.Project.VCCLCompilerTool.RuntimeLibrary">
    <EnumValue Name="MultiThreaded" Switch="" DisplayName="マルチスレッド" Description="アプリケーションで、ランタイム ライブラリのマルチスレッド、静的バージョンが使用されます。">
    </EnumValue>
    <EnumValue Name="MultiThreadedDebug" Switch="" DisplayName="マルチスレッド デバッグ" Description="_DEBUG および _MT を定義します。このオプションによって、リンカーが LIBCMTD.lib を使用して外部シンボルを解決できるように、コンパイラがライブラリ名 LIBCMTD.lib を .obj ファイルに含めるようにします。">
    </EnumValue>
    <EnumValue Name="MultiThreadedDLL" Switch="" DisplayName="マルチスレッド DLL" Description="アプリケーションでランタイム ライブラリのマルチスレッド対応および DLL 対応バージョンが使用されます。_MT および _DLL を定義し、コンパイラがライブラリ名 MSVCRT.lib を .obj ファイルに含めるようにします。">
    </EnumValue>
    <EnumValue Name="MultiThreadedDebugDLL" Switch="" DisplayName="マルチスレッド デバッグ DLL" Description="_DEBUG、_MT、および _DLL を定義し、アプリケーションでランタイム ライブラリのマルチスレッド対応および DLL 対応バージョンが使用されます。また、コンパイラがライブラリ名 MSVCRTD.lib を .obj ファイルに含めるようにします。">
    </EnumValue>
  </EnumProperty>
  <BoolProperty ReverseSwitch="fno-rtti" Name="RuntimeTypeInfo" DisplayName="ランタイム型情報を有効にする" Description="ランタイム時に C++ オブジェクト型をチェックするためのコードを追加します (ランタイム型情報)。     (frtti、fno-rtti)" Category="Language" Switch="frtti" F1Keyword="VC.Project.VCClangCompilerTool.RuntimeTypeInfo">
  </BoolProperty>
  <EnumProperty Name="CLanguageStandard" DisplayName="C 言語標準" Description="C 言語標準を決定します。" Category="Language" F1Keyword="VC.Project.VCClangCompilerTool.CLanguageStandard">
    <EnumValue Name="Default" Switch="" DisplayName="既定">
    </EnumValue>
    <EnumValue Name="c89" Switch="std=c89" DisplayName="C89" Description="C89 言語標準。">
    </EnumValue>
    <EnumValue Name="c99" Switch="std=c99" DisplayName="C99" Description="C99 言語標準。">
    </EnumValue>
    <EnumValue Name="c11" Switch="std=c11" DisplayName="C11" Description="C11 言語標準。">
    </EnumValue>
    <EnumValue Name="gnu99" Switch="std=gnu99" DisplayName="C99 (GNU 方言)" Description="C99 (GNU 方言) 言語標準。">
    </EnumValue>
    <EnumValue Name="gnu11" Switch="std=gnu11" DisplayName="C11 (GNU 方言)" Description="C11 (GNU 方言) 言語標準。">
    </EnumValue>
  </EnumProperty>
  <EnumProperty Name="CppLanguageStandard" DisplayName="C++ 言語標準" Description="C++ 言語標準を決定します。" Category="Language" F1Keyword="VC.Project.VCClangCompilerTool.CppLanguageStandard">
    <EnumValue Name="Default" Switch="" DisplayName="既定" Description="">
    </EnumValue>
    <EnumValue Name="c++98" Switch="std=c++98" DisplayName="C++03" Description="C++03 言語標準。">
    </EnumValue>
    <EnumValue Name="c++11" Switch="std=c++11" DisplayName="C++11" Description="C++11 言語標準。">
    </EnumValue>
    <EnumValue Name="c++1y" Switch="std=c++1y" DisplayName="C++14" Description="C++14 言語標準。">
    </EnumValue>
    <EnumValue Name="gnu++98" Switch="std=gnu++98" DisplayName="C++03 (GNU 方言)" Description="C++03 (GNU 方言) 言語標準。">
    </EnumValue>
    <EnumValue Name="gnu++11" Switch="std=gnu++11" DisplayName="C++11 (GNU 方言)" Description="C++11 (GNU 方言) 言語標準。">
    </EnumValue>
    <EnumValue Name="gnu++1y" Switch="std=gnu++1y" DisplayName="C++14 (GNU 方言)" Description="C++14 (GNU 方言) 言語標準。">
    </EnumValue>
  </EnumProperty>
  <StringListProperty Name="PreprocessorDefinitions" DisplayName="プリプロセッサの定義" Description="ソース ファイルの前処理シンボルを定義します。(-D)" Category="Preprocessor" Switch="D " F1Keyword="VC.Project.VCClangCompilerTool.PreprocessorDefinitions">
  </StringListProperty>
  <StringListProperty Name="UndefinePreprocessorDefinitions" DisplayName="指定したプリプロセッサ定義の無効化" Description="1 つ以上のプリプロセッサ定義の無効化を指定します。(-U [macro])" Category="Preprocessor" Switch="U " F1Keyword="VC.Project.VCClangCompilerTool.UndefinePreprocessorDefinitions">
  </StringListProperty>
  <BoolProperty Name="UndefineAllPreprocessorDefinitions" DisplayName="すべてのプリプロセッサ定義の無効化" Description="以前に定義されたプリプロセッサ値の定義をすべて無効にします。(-undef)" Category="Preprocessor" Switch="undef" F1Keyword="VC.Project.VCClangCompilerTool.UndefineAllPreprocessorDefinitions">
  </BoolProperty>
  <BoolProperty Name="ShowIncludes" DisplayName="インクルード ファイルの表示" Description="コンパイラ出力を持つインクルード ファイルのリストを生成します。(-H)" Category="Preprocessor" Switch="H" F1Keyword="VC.Project.VCClangCompilerTool.ShowIncludes">
  </BoolProperty>
  <EnumProperty Name="PrecompiledHeader" DisplayName="プリコンパイル済みヘッダー" Description="プリコンパイル済みヘッダーを作成/使用する: プリコンパイル済みヘッダーをビルド中に作成または使用できるようになります。" Category="Precompiled Headers" F1Keyword="VC.Project.VCClangCompilerTool.PrecompiledHeader">
    <EnumValue Name="Use" Switch="" DisplayName="使用" Description="プリコンパイル済みヘッダーを使用します。">
    </EnumValue>
    <EnumValue Name="NotUsing" Switch="" DisplayName="プリコンパイル済みヘッダーを使用しない" Description="プリコンパイル済みヘッダーを使用しません。">
    </EnumValue>
  </EnumProperty>
  <StringProperty Subtype="file" Name="PrecompiledHeaderFile" DisplayName="プリコンパイル済みヘッダー ファイル" Description="プリコンパイル済みヘッダー ファイルに使用するヘッダー ファイル名を指定します。このファイルは、ビルド中に '必ず使用されるインクルード ファイル' にも追加されます" Category="Precompiled Headers" F1Keyword="VC.Project.VCClangCompilerTool.PrecompiledHeaderFile">
  </StringProperty>
  <StringProperty Name="PrecompiledHeaderOutputFileDirectory" DisplayName="プリコンパイル済みヘッダーの出力ファイルディレクトリ" Description="生成されたプリコンパイル済みヘッダー用のディレクトリを指定します。このディレクトリは、ビルド中に '追加のインクルード ディレクトリ' にも追加されます" Category="Precompiled Headers" F1Keyword="VC.Project.VCClangCompilerTool.PrecompiledHeaderOutputFileDirectory">
  </StringProperty>
  <EnumProperty Name="PrecompiledHeaderCompileAs" DisplayName="プリコンパイル済みヘッダーのコンパイル言語の選択" Description="プリコンパイル済みヘッダー ファイルのコンパイル言語オプションを選択します (-x c-header、-x c++-header)。" Category="Precompiled Headers" F1Keyword="VC.Project.VCClangCompilerTool.PrecompiledHeaderCompileAs">
    <EnumValue Name="CompileAsC" Switch="x c-header" DisplayName="C コードとしてコンパイル" Description="C コードとしてコンパイルします。">
    </EnumValue>
    <EnumValue Name="CompileAsCpp" Switch="x c++-header" DisplayName="C++ コードとしてコンパイル" Description="C++ コードとしてコンパイルします。">
    </EnumValue>
  </EnumProperty>
  <EnumProperty Name="CompileAs" DisplayName="コンパイル言語の選択" Description=".c および .cpp ファイルのコンパイル言語オプションを選択します。'既定値' は .c または .ccp 拡張子に基づいて検出されます。(-x c, -x c++)" Category="Advanced" F1Keyword="VC.Project.VCClangCompilerTool.CompileAs">
    <EnumValue Name="Default" Switch="" DisplayName="既定" Description="既定です。">
    </EnumValue>
    <EnumValue Name="CompileAsC" Switch="x c" DisplayName="C コードとしてコンパイル" Description="C コードとしてコンパイルします。">
    </EnumValue>
    <EnumValue Name="CompileAsCpp" Switch="x c++" DisplayName="C++ コードとしてコンパイル" Description="C++ コードとしてコンパイルします。">
    </EnumValue>
  </EnumProperty>
  <StringListProperty Subtype="file" Name="ForcedIncludeFiles" DisplayName="必ず使用されるインクルード ファイル" Description="1 つ以上の必ず使用されるインクルード ファイル。(-include [名前])" Category="Advanced" Switch="include " F1Keyword="VC.Project.VCClangCompilerTool.ForcedIncludeFiles">
  </StringListProperty>
  <BoolProperty Name="UseMultiToolTask" DisplayName="複数プロセッサによるコンパイル" Description="複数プロセッサによるコンパイルです。" Category="Advanced" F1Keyword="VC.Project.VCClangCompilerTool.MultiProcessorCompilation">
    <BoolProperty.DataSource>
      <DataSource Persistence="ProjectFile" ItemType="" Label="" HasConfigurationCondition="true"/>
    </BoolProperty.DataSource>
  </BoolProperty>
  <BoolProperty ReverseSwitch="fno-ms-compatibility" Name="MSCompatibility" DisplayName="Microsoft 互換モード" Description="Microsoft Visual C++ の完全互換性を有効にします。" Category="Advanced" Switch="fms-compatibility" F1Keyword="VC.Project.VCClangCompilerTool.MSCompatibility">
  </BoolProperty>
  <StringProperty Name="MSCompatibilityVersion" DisplayName="Microsoft 互換モードのバージョン" Description="_MSC_VER にレポートする Microsoft コンパイラのバージョン番号を表す、ドットで区切られた値 (0 = 定義しない (既定値))。" Category="Advanced" Switch="fms-compatibility-version=" F1Keyword="VC.Project.VCClangCompilerTool.MSCompatibilityVersion">
  </StringProperty>
  <BoolProperty ReverseSwitch="fno-ms-extensions" Name="MSExtensions" DisplayName="Microsoft 拡張機能サポート" Description="Microsoft コンパイラでサポートされている非標準のコンストラクトを受け入れます。" Category="Advanced" Switch="fms-extensions" F1Keyword="VC.Project.VCClangCompilerTool.MSExtensions">
  </BoolProperty>
  <StringProperty Name="MSCompilerVersion" DisplayName="Microsoft コンパイラのバージョン" Description="MSC_VER にレポートする Microsoft コンパイラのバージョン番号 (0 = 定義しない (既定値))。" Category="Advanced" Switch="fmsc-version=" F1Keyword="VC.Project.VCClangCompilerTool.MSCompilerVersion">
  </StringProperty>
  <StringProperty Name="AdditionalOptions" DisplayName="その他のオプション" Description="追加オプション。" Category="Command Line" F1Keyword="vc.project.AdditionalOptionsPage">
  </StringProperty>
  <BoolProperty Name="BuildingInIde" Visible="false">
  </BoolProperty>
</Rule>
