<?xml version="1.0" encoding="utf-8"?>
<!--Copyright, Microsoft Corporation, All rights reserved.-->
<Rule Name="CodeAnalysis" PageTemplate="tool" DisplayName="コード分析" Order="200" xmlns="http://schemas.microsoft.com/build/2009/properties" xmlns:x="http://schemas.microsoft.com/winfx/2006/xaml" xmlns:sys="clr-namespace:System;assembly=mscorlib">
 
  <Rule.Categories>
    <Category Name="General" DisplayName="全般" Description="コード分析のプロパティ"/>
  </Rule.Categories>

  <Rule.DataSource>
    <DataSource Persistence="ProjectFile" HasConfigurationCondition="true"/>
  </Rule.DataSource>

  <BoolProperty Name="RunCodeAnalysis" Category="General" DisplayName="ビルドに対するコード分析の有効化" Description="すべての有効なコード分析ツールは、通常のビルド中に実行されます。" F1Keyword="vs.codeanalysis.propertypages.native"/>

  <BoolProperty Name="EnableMicrosoftCodeAnalysis" Category="General" DisplayName="Microsoft コード分析の有効化" Description="コード分析の実行では、Microsoft コード分析ツールを使用します。" F1Keyword="vs.codeanalysis.propertypages.native"/>

  <BoolProperty Name="EnableClangTidyCodeAnalysis" Category="General" DisplayName="Clang-Tidy の有効化" Description="コード分析の実行では、Clang-Tidy 分析ツールを使用します。" F1Keyword="vs.codeanalysis.propertypages.native"/>
</Rule>
