<?xml version="1.0" encoding="utf-8"?>
<!--Copyright, Microsoft Corporation, All rights reserved.-->
<Rule Name="CopyFile" DisplayName="ファイルをコピーする" Order="100" PageTemplate="tool" xmlns="http://schemas.microsoft.com/build/2009/properties">
  <Rule.DataSource>
    <DataSource Persistence="ProjectFile" ItemType="CopyFileToFolders" HasConfigurationCondition="true"/>
  </Rule.DataSource>
  <Rule.Categories>
    <Category Name="General" DisplayName="全般" Description="全般"/>
  </Rule.Categories>
  <StringListProperty Name="DestinationFolders" DisplayName="移動先ディレクトリ" Description="ファイルのコピー先のフォルダーです。" Category="General" Subtype="folder">
  </StringListProperty>
  <StringProperty Name="DestinationFileName" DisplayName="対象のファイル名" Description="ファイルのコピー先のファイル名です。" Category="General">
  </StringProperty>
  <BoolProperty Name="TreatOutputAsContent" Category="General" DisplayName="対象ファイルをコンテンツとして扱う" Description="対象ファイルが配置可能なコンテンツかどうかを指定します。">
  </BoolProperty>
  <StringProperty Name="RootFolder" DisplayName="コンテンツのルート フォルダー" Description="パッケージ化に使用するコンテンツのルート フォルダーです。" Category="General" Subtype="folder">
  </StringProperty>
  <DynamicEnumProperty Name="CopyFileAfterTargets" Category="General" DisplayName="以降に実行" Description="後で実行する [ファイルのコピー] のターゲットを指定します。これは、プロジェクト内のすべてのコピーされたファイルに対して適用されます。" EnumProvider="Targets">
    <DynamicEnumProperty.DataSource>
      <DataSource Persistence="ProjectFile" HasConfigurationCondition="true" ItemType=""/>
    </DynamicEnumProperty.DataSource>
    <DynamicEnumProperty.ProviderSettings>
      <NameValuePair Name="Exclude" Value="^Compute"/>
    </DynamicEnumProperty.ProviderSettings>
  </DynamicEnumProperty>
  <DynamicEnumProperty Name="CopyFileBeforeTargets" Category="General" DisplayName="以前に実行" Description="先に実行する [ファイルのコピー] のターゲットを指定します。これは、プロジェクト内のすべてのコピーされたファイルに対して適用されます。" EnumProvider="Targets">
    <DynamicEnumProperty.DataSource>
      <DataSource Persistence="ProjectFile" HasConfigurationCondition="true" ItemType=""/>
    </DynamicEnumProperty.DataSource>
    <DynamicEnumProperty.ProviderSettings>
      <NameValuePair Name="Exclude" Value="^Compute"/>
    </DynamicEnumProperty.ProviderSettings>
  </DynamicEnumProperty>
</Rule>
