<?xml version="1.0" encoding="utf-8"?>
<!--Copyright, Microsoft Corporation, All rights reserved.-->
<Rule Name="ConfigurationCustomBuildStep" DisplayName="カスタム ビルド ステップ" Order="100" PageTemplate="tool" xmlns="http://schemas.microsoft.com/build/2009/properties">
  <Rule.DataSource>
    <DataSource Persistence="ProjectFile" ItemType="CustomBuildStep" HasConfigurationCondition="true"/>
  </Rule.DataSource>
  <Rule.Categories>
    <Category Name="General" DisplayName="全般" Description="全般"/>
  </Rule.Categories>
  <StringProperty Name="Command" Category="General" DisplayName="コマンド ライン" Description="カスタム ビルド ステップのコマンド ラインを指定します。" F1Keyword="VC.Project.VCCustomBuildStep.Command">
    <StringProperty.ValueEditors>
      <ValueEditor EditorType="DefaultCommandPropertyEditor" DisplayName="&lt;編集...&gt;"/>
    </StringProperty.ValueEditors>
  </StringProperty>
  <StringProperty Name="Message" Category="General" DisplayName="説明" Description="カスタム ビルド ステップの説明を入力してください。" F1Keyword="VC.Project.VCCustomBuildStep.Message"/>
  <StringListProperty Name="Outputs" Category="General" DisplayName="出力ファイル" Description="カスタム ビルド ステップにより生成される出力ファイルを指定します。" F1Keyword="VC.Project.VCCustomBuildStep.Outputs"/>
  <StringListProperty Name="Inputs" Category="General" DisplayName="追加の依存ファイル" Description="カスタム ビルド ステップで使用する追加の入力ファイルを指定します。" F1Keyword="VC.Project.VCCustomBuildStep.AdditionalInputs"/>
  <BoolProperty Name="TreatOutputAsContent" Category="General" DisplayName="出力をコンテンツとして扱う" F1Keyword="VC.Project.VCCustomBuildStep.TreatOutputAsContent" Description="出力ファイルが配置可能なコンテンツかどうかを指定します。">
  </BoolProperty>
  <StringProperty Name="RootFolder" DisplayName="コンテンツのルート フォルダー" Description="パッケージ化に使用するコンテンツのルート フォルダーです。" Category="General" Subtype="folder">
  </StringProperty>
  <DynamicEnumProperty Name="CustomBuildAfterTargets" Category="General" DisplayName="以後に実行" Description="カスタム ビルド ステップとカスタム ビルド ツールを後で実行するターゲットを指定します。" F1Keyword="VC.Project.VCCustomBuildStep.CustomBuildAfterTargets" EnumProvider="Targets">
    <DynamicEnumProperty.DataSource>
      <DataSource Persistence="ProjectFile" HasConfigurationCondition="true" ItemType=""/>
    </DynamicEnumProperty.DataSource>
    <DynamicEnumProperty.ProviderSettings>
      <NameValuePair Name="Exclude" Value="^CustomBuild|^Compute"/>
    </DynamicEnumProperty.ProviderSettings>
  </DynamicEnumProperty>
  <DynamicEnumProperty Name="CustomBuildBeforeTargets" Category="General" DisplayName="以前に実行" Description="カスタム ビルド ステップとカスタム ビルド ツールを前に実行するターゲットを指定します。" F1Keyword="VC.Project.VCCustomBuildStep.CustomBuildBeforeTargets" EnumProvider="Targets">
    <DynamicEnumProperty.DataSource>
      <DataSource Persistence="ProjectFile" HasConfigurationCondition="true" ItemType=""/>
    </DynamicEnumProperty.DataSource>
    <DynamicEnumProperty.ProviderSettings>
      <NameValuePair Name="Exclude" Value="^CustomBuild|^Compute"/>
    </DynamicEnumProperty.ProviderSettings>
  </DynamicEnumProperty>
</Rule>
