<?xml version="1.0" encoding="utf-8"?>
<!--Copyright, Microsoft Corporation, All rights reserved.-->
<Rule Name="ConfigurationCustomBuildTool" DisplayName="カスタム ビルド ツール" Order="110" PageTemplate="tool" xmlns="http://schemas.microsoft.com/build/2009/properties">
  <Rule.DataSource>
    <DataSource Persistence="ProjectFile" ItemType="CustomBuild" HasConfigurationCondition="true"/>
  </Rule.DataSource>
  <Rule.Categories>
    <Category Name="General" DisplayName="全般" Description="全般"/>
  </Rule.Categories>
  <StringProperty Name="Command" Category="General" DisplayName="コマンド ライン" Description="カスタム ビルド ツールのコマンド ラインを指定します。" F1Keyword="VC.Project.VCCustomBuildTool.Command">
    <StringProperty.ValueEditors>
      <ValueEditor EditorType="DefaultCommandPropertyEditor" DisplayName="&lt;編集...&gt;"/>
    </StringProperty.ValueEditors>
  </StringProperty>
  <StringProperty Name="Message" Category="General" DisplayName="説明" Description="カスタム ビルド ツールの説明を入力してください。" F1Keyword="VC.Project.VCCustomBuildTool.Message"/>
  <StringListProperty Name="Outputs" Category="General" DisplayName="出力ファイル" Description="カスタム ビルド ツールにより生成される出力ファイルを指定します。" F1Keyword="VC.Project.VCCustomBuildTool.Outputs"/>
  <StringListProperty Name="AdditionalInputs" Category="General" DisplayName="追加の依存ファイル" Description="カスタム ビルド ツールで使用する追加の入力ファイルを指定します。" F1Keyword="VC.Project.VCCustomBuildTool.AdditionalInputs"/>
  <BoolProperty Name="VerifyInputsAndOutputsExist" Category="General" DisplayName="依存関係と出力が存在することを確認する" F1Keyword="VC.Project.VCCustomBuildTool.VerifyInputsAndOutputsExist" Description="ビルドで、指定された依存関係および出力がすべて存在することを確認し、存在しない場合は警告を表示するかどうかを指定します。">
  </BoolProperty>
  <BoolProperty Name="LinkObjects" Category="General" DisplayName="リンク オブジェクト" F1Keyword="VC.Project.VCCustomBuildTool.LinkObjects" Description="特定の拡張子 (.obj、.lib、.res、.rsc) を持つ入力ファイルおよび出力ファイルをリンカーに渡すかどうかを指定します。">
  </BoolProperty>
  <DynamicEnumProperty Name="OutputItemType" DisplayName="項目の種類に出力を追加" Category="General" Description="他のビルド ツールのソースになるように、出力ファイルを追加する項目の種類を指定します。" EnumProvider="ItemTypes" F1Keyword="VC.Project.VCCustomBuildTool.OutputsItemType">
  </DynamicEnumProperty>
  <BoolProperty Name="TreatOutputAsContent" Category="General" DisplayName="出力をコンテンツとして扱う" F1Keyword="VC.Project.VCCustomBuildTool.TreatOutputAsContent" Description="出力ファイルが配置可能なコンテンツかどうかを指定します。">
  </BoolProperty>
  <StringProperty Name="RootFolder" DisplayName="コンテンツのルート フォルダー" Description="パッケージ化に使用するコンテンツのルート フォルダーです。" Category="General" Subtype="folder">
  </StringProperty>
  <BoolProperty Name="BuildInParallel" Category="General" DisplayName="並列ビルド" F1Keyword="VC.Project.VCCustomBuildTool.BuildInParallel" Description="この項目を、その他のカスタム ビルドのツール項目と並列にビルドできることを指定します。">
  </BoolProperty>
  <IntProperty Name="MaxProcesses" Category="General" DisplayName="最大プロセス数" F1Keyword="VC.Project.VCCustomBuildTool.MaxProcesses" Description="並列ビルドに使用する CPU コアの最大数です。値が 0 の場合は、使用可能なすべてのプロセッサが使用されます。">
  </IntProperty>
  <IntProperty Name="MaxItemsInBatch" Category="General" DisplayName="最大バッチ サイズ" F1Keyword="VC.Project.VCCustomBuildTool.MaxProcesses" Description="並列ビルド中に一緒に実行する項目の最大数です。値 0 を指定すると、各項目が並列バッチに均等に分割されます。値 1 を指定すると、バッチ処理が無効になります。カスタム ビルド ツールが項目を処理するスピードが速い場合は、バッチ数が多いほどパフォーマンスが向上します。">
  </IntProperty>
  <DynamicEnumProperty Name="CustomBuildAfterTargets" Category="General" DisplayName="以後に実行" Description="カスタム ビルド ステップとカスタム ビルド ツールを後で実行するターゲットを指定します。" F1Keyword="VC.Project.VCCustomBuildStep.CustomBuildAfterTargets" EnumProvider="Targets">
    <DynamicEnumProperty.DataSource>
      <DataSource Persistence="ProjectFile" HasConfigurationCondition="true" ItemType=""/>
    </DynamicEnumProperty.DataSource>
    <DynamicEnumProperty.ProviderSettings>
      <NameValuePair Name="Exclude" Value="^CustomBuild|^Compute"/>
    </DynamicEnumProperty.ProviderSettings>
  </DynamicEnumProperty>
  <DynamicEnumProperty Name="CustomBuildBeforeTargets" Category="General" DisplayName="以前に実行" Description="カスタム ビルド ステップとカスタム ビルド ツールを前に実行するターゲットを指定します。" F1Keyword="VC.Project.VCCustomBuildStep.CustomBuildBeforeTargets" EnumProvider="Targets">
    <DynamicEnumProperty.DataSource>
      <DataSource Persistence="ProjectFile" HasConfigurationCondition="true" ItemType=""/>
    </DynamicEnumProperty.DataSource>
    <DynamicEnumProperty.ProviderSettings>
      <NameValuePair Name="Exclude" Value="^CustomBuild|^Compute"/>
    </DynamicEnumProperty.ProviderSettings>
  </DynamicEnumProperty>
</Rule>
