<?xml version="1.0" encoding="utf-8"?>
<!--Copyright, Microsoft Corporation, All rights reserved.-->
<Rule Name="WebServiceDebugger" DisplayName="Web Service デバッガー" PageTemplate="debugger" Description="Web Service デバッガーのオプションです" xmlns="http://schemas.microsoft.com/build/2009/properties">
  <Rule.DataSource>
    <DataSource Persistence="UserFile"/>
  </Rule.DataSource>
  <StringProperty Name="WebServiceDebuggerHttpUrl" DisplayName="HTTP URL" Description="プロジェクトの URL を指定します。" F1Keyword="VC.Project.IVCWebSvcDebugPageObject.HttpUrl"/>
  <EnumProperty Name="WebServiceDebuggerDebuggerType" DisplayName="デバッガーの種類" Description="使用するデバッガーの種類を指定します。自動に設定されていると、デバッガーの種類は、実行可能ファイルの内容を基に選択されます。" F1Keyword="VC.Project.IVCWebSvcDebugPageObject.DebuggerType">
    <EnumValue Name="NativeOnly" DisplayName="ネイティブのみ" Description="ネイティブのみ"/>
    <EnumValue Name="ManagedOnly" DisplayName="マネージドのみ" Description="マネージドのみ"/>
    <EnumValue Name="Mixed" DisplayName="混合" Description="混合です"/>
    <EnumValue Name="Auto" DisplayName="自動" Description="自動です"/>
    <EnumValue Name="Script" DisplayName="スクリプト" Description="スクリプトです"/>
  </EnumProperty>
  <BoolProperty Name="WebServiceDebuggerSQLDebugging" DisplayName="SQL デバッグ" Description="SQL デバッガーをアタッチします。" F1Keyword="VC.Project.IVCWebSvcDebugPageObject.SQLDebugging"/>
  <BoolProperty Name="UseLegacyManagedDebugger" Visible="false"/>
</Rule>
