﻿<?xml version="1.0" encoding="utf-8"?>
<!--Copyright, Microsoft Corporation, All rights reserved.-->
<Rule Name="WindowsLocalDebugger" DisplayName="ローカル Windows デバッガー" PageTemplate="debugger" Description="ローカル Windows デバッガーのオプションです" xmlns="http://schemas.microsoft.com/build/2009/properties">
  <Rule.DataSource>
    <DataSource Persistence="UserFile" />
  </Rule.DataSource>
  <StringProperty Name="LocalDebuggerCommand" DisplayName="コマンド" Description="実行するデバッグ コマンドです。" F1Keyword="VC.Project.IVCLocalDebugPageObject.Command">
    <StringProperty.ValueEditors>
      <ValueEditor EditorType="DefaultFindFullPathPropertyEditor" DisplayName="&lt;regsvr32.exe&gt;">
        <ValueEditor.Metadata>
          <NameValuePair Name="Exename" Value="regsvr32.exe" />
        </ValueEditor.Metadata>
      </ValueEditor>
      <ValueEditor EditorType="DefaultStringPropertyEditor" DisplayName="&lt;編集...&gt;" />
      <ValueEditor EditorType="DefaultFilePropertyEditor" DisplayName="&lt;参照...&gt;" />
    </StringProperty.ValueEditors>
  </StringProperty>
  <StringProperty Name="LocalDebuggerCommandArguments" DisplayName="コマンド引数" Description="アプリケーションに渡すコマンド ライン引数です。" F1Keyword="VC.Project.IVCLocalDebugPageObject.CommandArguments">
    <Argument Property="LocalDebuggerCommand" />
  </StringProperty>
  <StringProperty Name="LocalDebuggerWorkingDirectory" DisplayName="作業ディレクトリ" Description="アプリケーションの作業ディレクトリです。既定でディレクトリにはプロジェクト ファイルを含みます。" Subtype="folder" F1Keyword="VC.Project.IVCLocalDebugPageObject.WorkingDirectory" />
  <BoolProperty Name="LocalDebuggerAttach" DisplayName="アタッチ" Description="デバッグを開始するときに、デバッガーを既存のプロセスにアタッチする必要があるかどうかを指定します。" F1Keyword="VC.Project.IVCLocalDebugPageObject.Attach" />
  <EnumProperty Name="LocalDebuggerDebuggerType" DisplayName="デバッガーの種類" Description="使用するデバッガーの種類を指定します。自動に設定されていると、デバッガーの種類は、実行可能ファイルの内容を基に選択されます。" F1Keyword="VC.Project.IVCLocalDebugPageObject.DebuggerType">
    <EnumProperty.Metadata>
      <NameValuePair Name="IsDebugType" Value="true" />
    </EnumProperty.Metadata>
    <EnumValue Name="NativeOnly" DisplayName="ネイティブのみ" Description="ネイティブのみ" />
    <EnumValue Name="ManagedOnly" DisplayName="マネージドのみ" Description="マネージドのみ" />
    <EnumValue Name="Mixed" DisplayName="混合" Description="混合" />
    <EnumValue Name="Auto" DisplayName="自動" Description="自動" />
    <EnumValue Name="Script" DisplayName="スクリプト" Description="スクリプト" />
    <EnumValue Name="GPUOnly" DisplayName="GPU のみ (C++ AMP)" Description="GPU のみ (C++ AMP)" />
    <EnumValue Name="JavaScriptForWebView2" DisplayName="JavaScript (WebView2)" Description="Microsoft Edge (Chromium) ベースの WebView2 の JavaScript デバッガー" />
  </EnumProperty>
  <StringListProperty Name="LocalDebuggerEnvironment" DisplayName="環境" Description="既存の環境とマージするデバッグ対象または変数の環境を指定します。" Separator="&#xA;" F1Keyword="VC.Project.IVCLocalDebugPageObject.Environment" />
  <DynamicEnumProperty Name="LocalGPUDebuggerTargetType" DisplayName="デバッグ アクセラレータの種類" Category="GPUOptions" EnumProvider="GPUTargets" F1Keyword="VC.Project.IVCLocalDebugPageObject.GPUDebuggerTargetType" Description="GPU コードのデバッグに使用するデバッグ アクセラレータ タイプです (GPU デバッガーがアクティブなときに使用可能)。">
    <DynamicEnumProperty.Metadata>
      <NameValuePair Name="ParentPropertyName" Value="LocalDebuggerDebuggerType" />
      <NameValuePair Name="ParentPropertyValue" Value="GPUOnly" />
    </DynamicEnumProperty.Metadata>
  </DynamicEnumProperty>
  <EnumProperty Name="GPURefDebuggerBreakOnAllThreads" DisplayName="GPU 既定のブレークポイントの動作" Category="GPUOptions" Description="GPU デバッガーを中断する頻度を設定します。" F1Keyword="VC.Project.IVCLocalDebugPageObject.GPUBreakOnAllThreads">
    <EnumValue Name="GPURefBreakOncePerWarp" DisplayName="ワープごとに 1 回だけ中断" Description="ワープごとに 1 回だけ中断" />
    <EnumValue Name="GPURefBreakForCPUThread" DisplayName="各スレッドで中断 (CPU の動作と同じ)" Description="各スレッドで中断 (CPU の動作と同じ)" />
    <EnumProperty.Metadata>
      <NameValuePair Name="ParentPropertyName" Value="LocalDebuggerDebuggerType" />
      <NameValuePair Name="ParentPropertyValue" Value="GPUOnly" />
    </EnumProperty.Metadata>
  </EnumProperty>
  <BoolProperty Name="LocalDebuggerMergeEnvironment" DisplayName="マージ環境" Description="既存の環境に指定された環境変数をマージします。" F1Keyword="VC.Project.IVCLocalDebugPageObject.EnvironmentMerge" />
  <BoolProperty Name="LocalDebuggerSQLDebugging" DisplayName="SQL デバッグ" Description="SQL デバッガーをアタッチします。" F1Keyword="VC.Project.IVCLocalDebugPageObject.SQLDebugging" />
  <DynamicEnumProperty Name="LocalDebuggerAmpDefaultAccelerator" DisplayName="AMP の既定のアクセラレータ" EnumProvider="AmpAccelerators" F1Keyword="VC.Project.IVCLocalDebugPageObject.AmpDefaultAccelerator" Description="C++ AMP の既定のアクセラレータ選択をオーバーライドします。マネージド コードをデバッグする際には、プロパティが適用されません。">
  </DynamicEnumProperty>
  <BoolProperty Name="UseLegacyManagedDebugger" Visible="false" />
</Rule>