<?xml version="1.0" encoding="utf-8"?>
<!--Copyright, Microsoft Corporation, All rights reserved.-->
<Rule Name="DebuggerGeneralProperties" DisplayName="デバッガーの全般プロパティ" Description="デバッガーの全般オプション" xmlns="http://schemas.microsoft.com/build/2009/properties">
  <Rule.DataSource>
    <DataSource Persistence="UserFile"/>
  </Rule.DataSource>
  
  <StringProperty Name="SymbolsPath" DisplayName="シンボルの検索パス" Description="シンボルを見つけるためにデバッガーが使用する検索パスです。">
  </StringProperty>

  <StringProperty Name="DebuggerFlavor" Visible="false" Description="アクティブなデバッガーとして選択されるデバッグ規則です。">
  </StringProperty>

  <EnumProperty Name="ImageClrType" Visible="false" Description="プロジェクトがマネージド プロジェクトであるかどうかを示すためにデバッガーに渡す 'hidden' プロパティです。">
    <EnumProperty.DataSource>
      <DataSource Persistence="UserFile" HasConfigurationCondition="false" PersistedName="_TargetImageClrType"/>
    </EnumProperty.DataSource>
    <EnumValue Name="Native" DisplayName="ネイティブ イメージ" Description="デバッグ対象の実行可能イメージは、完全なネイティブ アプリケーションです。"/>
    <EnumValue Name="Mixed" DisplayName="混合イメージ" Description="デバッグ対象の実行可能イメージは、ネイティブ コードとマネージド コードの混合です。"/>
    <EnumValue Name="Managed" DisplayName="マネージド イメージ" Description="デバッグ対象の実行可能イメージは、フル マネージドのアプリケーションです。"/>
  </EnumProperty>
</Rule>
