﻿<?xml version="1.0" encoding="utf-8"?>
<!--Copyright, Microsoft Corporation, All rights reserved.-->
<Rule Name="WindowsRemoteDebugger" DisplayName="リモート Windows デバッガー" PageTemplate="debugger" Description="リモート Windows デバッガーのオプションです" xmlns="http://schemas.microsoft.com/build/2009/properties">
  <Rule.DataSource>
    <DataSource Persistence="UserFile" />
  </Rule.DataSource>
  <StringProperty Name="RemoteDebuggerCommand" DisplayName="リモート コマンド" Description="実行するデバッグ コマンドです。" F1Keyword="VC.Project.IVCRemoteDebugPageObject.RemoteCommand" />
  <StringProperty Name="RemoteDebuggerCommandArguments" DisplayName="リモート コマンド引数" Description="アプリケーションに渡すコマンド ライン引数です。" F1Keyword="VC.Project.IVCRemoteDebugPageObject.CommandArguments">
    <Argument Property="RemoteDebuggerCommand" />
  </StringProperty>
  <StringProperty Name="RemoteDebuggerWorkingDirectory" DisplayName="作業ディレクトリ" Description="アプリケーションの作業ディレクトリです。既定でディレクトリにはプロジェクト ファイルを含みます。" Subtype="folder" F1Keyword="VC.Project.IVCRemoteDebugPageObject.WorkingDirectory" />
  <StringProperty Name="RemoteDebuggerServerName" DisplayName="リモート サーバー名" Description="リモート サーバー名を指定します。" F1Keyword="VC.Project.IVCRemoteDebugPageObject.RemoteMachine" />
  <EnumProperty Name="RemoteDebuggerConnection" DisplayName="接続" Description="接続の種類を指定します。" F1Keyword="VC.Project.IVCRemoteDebugPageObject.Remote">
    <EnumValue Name="RemoteWithAuthentication" DisplayName="Windows 認証でリモート接続する" Description="Windows 認証でリモート接続する" />
    <EnumValue Name="RemoteWithoutAuthentication" DisplayName="認証なしでリモート接続する" Description="認証なしでリモート接続する" />
  </EnumProperty>
  <EnumProperty Name="RemoteDebuggerDebuggerType" DisplayName="デバッガーの種類" Description="使用するデバッガーの種類を指定します。自動に設定されていると、デバッガーの種類は、実行可能ファイルの内容を基に選択されます。" F1Keyword="VC.Project.IVCRemoteDebugPageObject.DebuggerType">
    <EnumProperty.Metadata>
      <NameValuePair Name="IsDebugType" Value="true" />
    </EnumProperty.Metadata>
    <EnumValue Name="NativeOnly" DisplayName="ネイティブのみ" Description="ネイティブのみ" />
    <EnumValue Name="ManagedOnly" DisplayName="マネージドのみ" Description="マネージドのみ" />
    <EnumValue Name="Mixed" DisplayName="混合" Description="混合です" />
    <EnumValue Name="Auto" DisplayName="自動" Description="自動です" />
    <EnumValue Name="Script" DisplayName="スクリプト" Description="スクリプトです" />
    <EnumValue Name="GPUOnly" DisplayName="GPU のみ (C++ AMP)" Description="GPU のみ (C++ AMP)" />
    <EnumValue Name="JavaScriptForWebView2" DisplayName="JavaScript (WebView2)" Description="Microsoft Edge (Chromium) ベースの WebView2 の JavaScript デバッガー" />
  </EnumProperty>
  <StringListProperty Name="RemoteDebuggerEnvironment" DisplayName="環境" Description="既存の環境とマージするデバッグ対象または変数の環境を指定します。" Separator="&#xA;" F1Keyword="VC.Project.IVCRemoteDebugPageObject.Environment" />
  <DynamicEnumProperty Name="RemoteGPUDebuggerTargetType" DisplayName="デバッグ アクセラレータの種類" Category="GPUOptions" EnumProvider="GPUTargets" F1Keyword="VC.Project.IVCRemoteDebugPageObject.GPUDebuggerTargetType" Description="GPU コードのデバッグに使用するデバッグ アクセラレータ タイプです (GPU デバッガーがアクティブなときに使用可能)。">
    <DynamicEnumProperty.Metadata>
      <NameValuePair Name="ParentPropertyName" Value="RemoteDebuggerDebuggerType" />
      <NameValuePair Name="ParentPropertyValue" Value="GPUOnly" />
    </DynamicEnumProperty.Metadata>
  </DynamicEnumProperty>
  <EnumProperty Name="GPURefDebuggerBreakOnAllThreads" DisplayName="GPU 既定のブレークポイントの動作" Category="GPUOptions" Description="GPU デバッガーを中断する頻度を設定します。" F1Keyword="VC.Project.IVCRemoteDebugPageObject.GPUBreakOnAllThreads">
    <EnumValue Name="GPURefBreakOncePerWarp" DisplayName="ワープごとに 1 回だけ中断" Description="ワープごとに 1 回だけ中断" />
    <EnumValue Name="GPURefBreakForCPUThread" DisplayName="各スレッドで中断 (CPU の動作と同じ)" Description="各スレッドで中断 (CPU の動作と同じ)" />
    <EnumProperty.Metadata>
      <NameValuePair Name="ParentPropertyName" Value="RemoteDebuggerDebuggerType" />
      <NameValuePair Name="ParentPropertyValue" Value="GPUOnly" />
    </EnumProperty.Metadata>
  </EnumProperty>
  <BoolProperty Name="RemoteDebuggerAttach" DisplayName="アタッチ" Description="デバッグを開始するときに、デバッガーを既存のプロセスにアタッチする必要があるかどうかを指定します。" F1Keyword="VC.Project.IVCRemoteDebugPageObject.Attach" />
  <BoolProperty Name="RemoteDebuggerSQLDebugging" DisplayName="SQL デバッグ" Description="SQL デバッガーをアタッチします。" F1Keyword="VC.Project.IVCRemoteDebugPageObject.SQLDebugging" />
  <StringProperty Name="DeploymentDirectory" DisplayName="配置ディレクトリ" Description="リモート コンピューターでデバッグを行う場合、プロジェクト出力の内容 (PDB ファイル以外) をリモート コンピューターにコピーするには、パスをここで指定します" F1Keyword="VC.Project.IVCRemoteDebugPageObject.DeploymentDirectory" />
  <StringProperty Name="AdditionalFiles" DisplayName="追加の配置ファイル" Description="リモート コンピューターでデバッグを行う場合、プロジェクト出力のほかに、ここで指定したファイルとディレクトリが配置ディレクトリにコピーされます (指定した場合)。" Subtype="file" F1Keyword="VC.Project.IVCRemoteDebugPageObject.AdditionalFiles" />
  <BoolProperty Name="RemoteDebuggerDeployDebugCppRuntime" DisplayName="Visual C++ デバッグ ランタイム ライブラリの配置" Description="アクティブなプラットフォーム (Win32、x64、または ARM) 用のデバッグ ランタイム ライブラリを配置するかどうかを指定します。" F1Keyword="VC.Project.IVCRemoteDebugPageObject.Remote" />
  <BoolProperty Name="UseLegacyManagedDebugger" Visible="false" />
  <DynamicEnumProperty Name="RemoteDebuggerAmpDefaultAccelerator" DisplayName="AMP の既定のアクセラレータ" EnumProvider="AmpAccelerators" F1Keyword="VC.Project.IVCRemoteDebugPageObject.AmpDefaultAccelerator" Description="C++ AMP の既定のアクセラレータ選択をオーバーライドします。マネージド コードをデバッグする際には、プロパティが適用されません。">
  </DynamicEnumProperty>
</Rule>