<?xml version="1.0" encoding="utf-8"?>
<!--Copyright, Microsoft Corporation, All rights reserved.-->
<Rule Name="ConfigurationDirectories" DisplayName="VC++ ディレクトリ" Order="8" PageTemplate="generic" Description="ツール検索ディレクトリです" xmlns="http://schemas.microsoft.com/build/2009/properties">
  <Rule.Categories>
    <Category Name="VC++" DisplayName="全般" Description="Visual C++ ディレクトリ"/>
  </Rule.Categories>
  <Rule.DataSource>
    <DataSource Persistence="ProjectFile"/>
  </Rule.DataSource>
  <StringListProperty Name="ExecutablePath" DisplayName="実行可能ファイル ディレクトリ" Description="VC++ プロジェクトのビルド中、実行可能ファイルを検索するときに使用されるパスです。環境変数 PATH と一致します。" F1Keyword="VC.Project.VCDirectories.ExecutablePath" Category="VC++" Separator=";" Subtype="folder"/>
  <StringListProperty Name="IncludePath" DisplayName="インクルード ディレクトリ" Description="VC++ プロジェクトのビルド中、インクルード ファイルを検索するときに使用されるパスです。環境変数 INCLUDE と一致します。" F1Keyword="VC.Project.VCDirectories.IncludePath" Category="VC++" Separator=";" Subtype="folder"/>
  <StringListProperty Name="ReferencePath" DisplayName="参照ディレクトリ" Description="VC++ プロジェクトのビルド中、メタデータ ファイルを検索するときに使用されるパスです。環境変数 LIBPATH と一致します。" F1Keyword="VC.Project.VCDirectories.ReferencePath" Category="VC++" Separator=";" Subtype="folder"/>
  <StringListProperty Name="LibraryPath" DisplayName="ライブラリ ディレクトリ" Description="VC++ プロジェクトのビルド中、ライブラリ ファイルを検索するときに使用されるパスです。環境変数 LIB と一致します。" F1Keyword="VC.Project.VCDirectories.LibraryPath" Category="VC++" Separator=";" Subtype="folder"/>
  <StringListProperty Name="LibraryWPath" DisplayName="ライブラリ WinRT ディレクトリ" Description="VC++ プロジェクトのビルド中、winmd メタデータ ファイルを検索するときに使用されるパスです。LIBPATH への '参照ディレクトリ' と連結されたパスを取得します。" F1Keyword="VC.Project.VCDirectories.LibraryWPath" Category="VC++" Separator=";" Subtype="folder"/>
  <StringListProperty Name="SourcePath" DisplayName="ソース ディレクトリ" Description="Intellisense で使用するソース ファイルの検索時に使用するパスです。" F1Keyword="VC.Project.VCDirectories.SourcePath" Category="VC++" Separator=";" Subtype="folder"/>
  <StringListProperty Name="ExcludePath" DisplayName="除外ディレクトリ" Description="スキャンの依存関係を探すときにスキップされるパスです。" F1Keyword="VC.Project.VCDirectories.ExcludePath" Category="VC++" Separator=";" Subtype="folder"/>
</Rule>
