<?xml version="1.0" encoding="utf-8"?>
<!--Copyright, Microsoft Corporation, All rights reserved.-->
<Rule Name="VCEnvironmentVariables" DisplayName="VC++ 環境変数" Order="8" PageTemplate="generic" Description="ツール検索ディレクトリです" xmlns="http://schemas.microsoft.com/build/2009/properties">
  <Rule.Categories>
    <Category Name="Env" DisplayName="環境" Description="Visual C++ 環境変数"/>
    <Category Name="Dirs" DisplayName="ディレクトリ" Description="Visual C++ ディレクトリ"/>
  </Rule.Categories>
  <Rule.DataSource>
    <DataSource Persistence="ProjectFile"/>
  </Rule.DataSource>
  <StringListProperty Name="Path" DisplayName="PATH" Description="VC++ プロジェクトのビルド中、実行可能ファイルを検索するときに使用されるパスです。環境変数 PATH と一致します。" F1Keyword="VC.Project.UseEnvVars.Path" Category="Env" Separator=";" ReadOnly="true"/>
  <StringListProperty Name="Include" DisplayName="INCLUDE" Description="VC++ プロジェクトのビルド中、インクルード ファイルを検索するときに使用されるパスです。環境変数 INCLUDE と一致します。" F1Keyword="VC.Project.UseEnvVars.Include" Category="Env" Separator=";" ReadOnly="true"/>
  <StringListProperty Name="LibPath" DisplayName="LIBPATH" Description="VC++ プロジェクトのビルド中、#using を経由して持ち込まれたファイルを検索するときに使用されるパスです。環境変数 LIBPATH と一致します。" F1Keyword="VC.Project.UseEnvVars.ReferencePath" Category="Env" Separator=";" ReadOnly="true"/>
  <StringListProperty Name="Lib" DisplayName="LIB" Description="VC++ プロジェクトのビルド中、ライブラリ ファイルを検索するときに使用されるパスです。環境変数 LIB と一致します。" F1Keyword="VC.Project.UseEnvVars.LibraryPath" Category="Env" Separator=";" ReadOnly="true"/>
  <StringListProperty Name="SourcePath" DisplayName="ソース ディレクトリ" Description="Intellisense で使用するソース ファイルの検索時に使用するパスです。" F1Keyword="VC.Project.VCDirectories.SourcePath" Category="Dirs" Separator=";" Subtype="folder"/>
  <StringListProperty Name="ExcludePath" DisplayName="除外ディレクトリ" Description="スキャンの依存関係を探すときにスキップされるパスです。" F1Keyword="VC.Project.UseEnvVars.ExcludePath" Category="Dirs" Separator=";" Subtype="folder"/>
</Rule>
