<?xml version="1.0" encoding="utf-8"?>
<!--Copyright, Microsoft Corporation, All rights reserved.-->
<ProjectSchemaDefinitions xmlns="http://schemas.microsoft.com/build/2009/properties" xmlns:x="http://schemas.microsoft.com/winfx/2006/xaml" xmlns:sys="clr-namespace:System;assembly=mscorlib">
  <Rule Name="FXC" PageTemplate="tool" DisplayName="HLSL コンパイラ" SwitchPrefix="/" Order="300">

    <Rule.Categories>
      <Category Name="General" DisplayName="全般"/>
      <Category Name="Advanced" DisplayName="詳細設定"/>
      <Category Name="Output Files" DisplayName="出力ファイル"/>
      <Category Name="All Options" DisplayName="すべてのオプション" Subtype="Search"/>
      <Category Name="Command Line" DisplayName="コマンド ライン" Subtype="CommandLine"/>
    </Rule.Categories>

    <Rule.DataSource>
      <DataSource Persistence="ProjectFile" ItemType="FxCompile" Label="" HasConfigurationCondition="true"/>
    </Rule.DataSource>

    <StringListProperty Subtype="folder" Name="AdditionalIncludeDirectories" DisplayName="追加のインクルード ディレクトリ" Description="インクルード パスに追加するディレクトリを指定します。複数指定する場合には、セミコロンで区切ってください。(/I[パス])" Category="General" Switch="I" F1Keyword="VC.Project.FXCompilerTool.AdditionalIncludeDirectories">
    </StringListProperty>

    <BoolProperty Name="SuppressStartupBanner" DisplayName="著作権情報の非表示" Description="コンパイルの開始時に、著作権情報を表示しません。(/nologo)" Category="Advanced" Switch="nologo" F1Keyword="VC.Project.FXCompilerTool.SuppressStartupBanner">
    </BoolProperty>

    <StringProperty Name="EntryPointName" DisplayName="エントリ ポイント名" Description="シェーダーのエントリ ポイントの名前を指定します (/E[名前])" Category="General" Switch="E" F1Keyword="VC.Project.FXCompilerTool.EntryPointName">
    </StringProperty>

    <BoolProperty Name="TreatWarningAsError" DisplayName="警告をエラーとして扱う" Description="すべてのコンパイラ警告をエラーとして扱います。新しいプロジェクトの場合、すべてのコンパイルで /WX を使用することをお勧めします。すべての警告を解決することで、コードの欠陥を見逃す可能性が低くなります。" Category="Advanced" Switch="WX" F1Keyword="VC.Project.FXCompilerTool.TreatWarningAsError">
    </BoolProperty>

    <BoolProperty Name="DisableOptimizations" DisplayName="最適化を無効にする" Description="最適化を無効にします。/Od は /Gfp を暗黙に指定しますが、出力は /Od /Gfp とは異なる場合があります。" Category="General" Switch="Od" F1Keyword="VC.Project.FXCompilerTool.DisableOptimizations">
    </BoolProperty>

    <BoolProperty Name="EnableDebuggingInformation" DisplayName="デバッグ情報を有効にする" Description="デバッグ情報を有効にします。" Category="General" Switch="Zi" F1Keyword="VC.Project.FXCompilerTool.EnableDebuggingInformation">
    </BoolProperty>

    <EnumProperty Name="ShaderType" DisplayName="シェーダーの種類" Description="シェーダーの種類を指定します。(/T [種類]_[モデル])" Category="General" Switch="T" F1Keyword="VC.Project.FXCompilerTool.ShaderType">
      <EnumValue Name="Effect" Switch="fx" DisplayName="エフェクト">
        <Argument Property="ShaderModel" IsRequired="true" Separator="_"/>
      </EnumValue>
      <EnumValue Name="Vertex" Switch="vs" DisplayName="頂点シェーダー">
        <Argument Property="ShaderModel" IsRequired="true" Separator="_"/>
      </EnumValue>
      <EnumValue Name="Pixel" Switch="ps" DisplayName="ピクセル シェーダー">
        <Argument Property="ShaderModel" IsRequired="true" Separator="_"/>
      </EnumValue>
      <EnumValue Name="Geometry" Switch="gs" DisplayName="ジオメトリ シェーダー">
        <Argument Property="ShaderModel" IsRequired="true" Separator="_"/>
      </EnumValue>
      <EnumValue Name="Hull" Switch="hs" DisplayName="ハル シェーダー">
        <Argument Property="ShaderModel" IsRequired="true" Separator="_"/>
      </EnumValue>
      <EnumValue Name="Domain" Switch="ds" DisplayName="ドメイン シェーダー">
        <Argument Property="ShaderModel" IsRequired="true" Separator="_"/>
      </EnumValue>
      <EnumValue Name="Compute" Switch="cs" DisplayName="計算シェーダー">
        <Argument Property="ShaderModel" IsRequired="true" Separator="_"/>
      </EnumValue>
      <EnumValue Name="Library" Switch="lib" DisplayName="ライブラリ">
        <Argument Property="ShaderModel" IsRequired="true" Separator="_"/>
      </EnumValue>
      <EnumValue Name="RootSignature" Switch="" DisplayName="ルート署名オブジェクトを生成する">
        <Argument Property="ShaderModel" IsRequired="true" Separator=" "/>
      </EnumValue>
    </EnumProperty>

    <DynamicEnumProperty Name="ShaderModel" DisplayName="シェーダー モデル" Description="シェーダー モデルを指定します。いくつかのシェーダーの種類は最新のシェーダー モデルでしか使用できません (/T [種類]_[モデル])" Category="General" F1Keyword="VC.Project.FXCompilerTool.ShaderModel" EnumProvider="ShaderModelEnumProvider"/>

    <BoolProperty Name="AllResourcesBound" DisplayName="すべてのリソースをバインドする" Description="コンパイラでは、シェーダーの実行中、シェーダーが参照する可能性のあるすべてのリソースがバインドされ、良好な状態にあると仮定されます (/all_resources_bound)。シェーダー モデル 5.1 以降で利用できます。" Category="General" Switch="all_resources_bound" F1Keyword="VC.Project.FXCompilerTool.AllResourcesBound">
    </BoolProperty>

    <BoolProperty Name="EnableUnboundedDescriptorTables" DisplayName="バインド解除済みの記述子テーブルを有効にする" Description="シェーダーにバインド解除済みの範囲のあるリソース配列の宣言が含まれている可能性があることをコンパイラに通知します (/enable_unbounded_descriptor_tables)。シェーダー モデル 5.1 以降で利用できます。" Category="General" Switch="enable_unbounded_descriptor_tables" F1Keyword="VC.Project.FXCompilerTool.EnableUnboundedDescriptorTables">
    </BoolProperty>

    <StringProperty Name="SetRootSignature" DisplayName="ルート署名を設定する" Description="ルート署名をシェーダーのバイトコードに添付します (/setrootsignature)。Shader Model 5.0 以上で使用できます。" Category="General" Switch="setrootsignature" F1Keyword="VC.Project.FXCompilerTool.SetRootSignature">
    </StringProperty>

    <StringListProperty Name="PreprocessorDefinitions" DisplayName="プリプロセッサの定義" Description="ソース ファイルの前処理シンボルを定義します。" Category="General" Switch="D " F1Keyword="VC.Project.FXCompilerTool.PreprocessorDefinitions">
    </StringListProperty>

    <StringProperty Name="AdditionalOptions" DisplayName="その他のオプション" Description="その他のオプション" Category="Command Line" F1Keyword="VC.Project.FXCompilerTool.AdditionalOptionsPage">
    </StringProperty>

    <StringProperty Name="VariableName" DisplayName="ヘッダー変数名" Description="ヘッダー ファイル内の変数名を指定します (/Vn [名前])" Category="Output Files" Switch="Vn" F1Keyword="VC.Project.FXCompilerTool.VariableName">
    </StringProperty>

    <StringProperty Subtype="file" Name="HeaderFileOutput" DisplayName="ヘッダー ファイル名" Description="オブジェクト コードを含むヘッダー ファイル名を指定します。(/Fh [名前])" Category="Output Files" Switch="Fh" F1Keyword="VC.Project.FXCompilerTool.HeaderFileOutput">
    </StringProperty>

    <StringProperty Subtype="file" Name="ObjectFileOutput" DisplayName="オブジェクト ファイル名" Description="オブジェクト ファイル名を指定します。(/Fo [名前])" Category="Output Files" Switch="Fo" F1Keyword="VC.Project.FXCompilerTool.ObjectFileOutput">
    </StringProperty>

    <EnumProperty Name="AssemblerOutput" DisplayName="アセンブリの出力" Description="アセンブリ言語の出力ファイルの内容を指定します。(/Fc, /Fx)" Category="Output Files" F1Keyword="VC.Project.FXCompilerTool.AssemblerOutput">
      <EnumValue Name="NoListing" Switch="" DisplayName="なし" Description="なし。">
      </EnumValue>
      <EnumValue Name="AssemblyCode" Switch="Fc" DisplayName="アセンブリ コードのみ" Description="アセンブリ コード ファイル">
        <Argument Property="AssemblerOutputFile" IsRequired="true" Separator=" "/>
      </EnumValue>
      <EnumValue Name="AssemblyCodeAndHex" Switch="Fx" DisplayName="アセンブリ コードと 16 進数" Description="アセンブリ コードと 16 進数リスティング ファイル">
        <Argument Property="AssemblerOutputFile" IsRequired="true" Separator=" "/>
      </EnumValue>
    </EnumProperty>

    <StringProperty Name="AssemblerOutputFile" Subtype="file" DisplayName="アセンブラー出力ファイル" Description="アセンブリ コード リスティング ファイルの名前を指定します" Category="Output Files" F1Keyword="VC.Project.FXCompilerTool.AssemblerOutputFile">
    </StringProperty>

    <BoolProperty Name="CompileD2DCustomEffect" DisplayName="Direct2D のカスタム ピクセル シェーダー効果をコンパイルする" Description="ピクセル シェーダーを含む Direct2D のカスタム効果をコンパイルします。頂点への使用や、カスタム効果の計算を行わないでください。" Category="General" Switch="" F1Keyword="VC.Project.FXCompilerTool.CompileD2DCustomEffect">
    </BoolProperty>

    <BoolProperty Name="MultiProcFXC" DisplayName="複数プロセッサ コンパイル" Description="同時に複数のインスタンスを実行します。" Category="General" F1Keyword="VC.Project.FXCompilerTool.MultiProcFXC">
      <BoolProperty.DataSource>
        <DataSource ItemType=""/>
      </BoolProperty.DataSource>
    </BoolProperty>
  </Rule>

</ProjectSchemaDefinitions>
