<?xml version="1.0" encoding="utf-8"?>
<!--Copyright, Microsoft Corporation, All rights reserved.-->
<Rule Name="ConfigurationGeneral" DisplayName="全般" PageTemplate="generic" Description="全般" xmlns="http://schemas.microsoft.com/build/2009/properties">
  <Rule.Categories>
    <Category Name="General" DisplayName="全般プロパティ" Description="全般プロパティ"/>
  </Rule.Categories>
  <Rule.DataSource>
    <DataSource Persistence="ProjectFile" Label="Configuration"/>
  </Rule.DataSource>
  
   <StringProperty Name="OutDir" DisplayName="出力ディレクトリ" Description="コンパイル済みプログラムが配置される場所のパス。環境変数を含めることができます。" Category="General" Subtype="folder" F1Keyword="VC.Project.VCConfiguration.OutputDirectory">
    <StringProperty.DataSource>
      <DataSource Persistence="ProjectFile" Label=""/>
    </StringProperty.DataSource>
  </StringProperty>
  <StringProperty Name="IntDir" DisplayName="中間ディレクトリ" Description="中間ビルド ファイル (.obj ファイルなど) が生成される相対パス。環境変数を含めることができます。" Category="General" Subtype="folder" F1Keyword="VC.Project.VCConfiguration.IntermediateDirectory">
    <StringProperty.DataSource>
      <DataSource Persistence="ProjectFile" Label=""/>
    </StringProperty.DataSource>
  </StringProperty>
  <StringProperty Name="TargetName" DisplayName="ターゲット名" Description="このプロジェクトにより生成されるプログラムのファイル名を指定します。" F1Keyword="VC.Project.VCConfiguration.TargetName" Category="General">
    <StringProperty.DataSource>
      <DataSource Persistence="ProjectFile" Label=""/>
    </StringProperty.DataSource>
  </StringProperty>

  <EnumProperty Name="ConfigurationType" DisplayName="構成の種類" Description="生成されるプログラムの種類 (例: 実行可能ファイル、スタティック ライブラリ、ダイナミック ライブラリ、...) を指定します" Category="General" F1Keyword="VC.Project.VCConfiguration.ConfigurationType">
    <EnumValue Name="Makefile" DisplayName="メイクファイル" Description="メイクファイル"/>
    <EnumValue Name="Application" DisplayName="アプリケーション (.exe)" Description="アプリケーション (.exe)"/>
    <EnumValue Name="DynamicLibrary" DisplayName="ダイナミック ライブラリ (.dll)" Description="ダイナミック ライブラリ (.dll)"/>
    <EnumValue Name="StaticLibrary" DisplayName="スタティック ライブラリ (.lib)" Description="スタティック ライブラリ (.lib)"/>
    <EnumValue Name="Utility" DisplayName="ユーティリティ" Description="ユーティリティです"/>
  </EnumProperty>

  <DynamicEnumProperty Name="WindowsTargetPlatformVersion" DisplayName="Windows SDK バージョン" Description="このプロジェクトに使用する Windows SDK のバージョンを指定します (Windows をターゲットとするプロジェクトに必要)。最新のインストール済み Windows 10 SDK バージョンを使用し続けるには、10.0 を選択してください。" Category="General" EnumProvider="PlatformVersionsEx" F1Keyword="VC.Project.VCConfiguration.TargetPlatformVersion">
    <DynamicEnumProperty.DataSource>
      <DataSource Persistence="ProjectFile" Label="Globals" SourceOfDefaultValue="AfterContext" HasConfigurationCondition="False"/>
    </DynamicEnumProperty.DataSource>
  </DynamicEnumProperty>

  <DynamicEnumProperty Name="PlatformToolset" DisplayName="プラットフォーム ツールセット" EnumProvider="Toolsets" Description="このプログラムの生成に使用されているビルド ツールを指定します。" Category="General" F1Keyword="VC.Project.VCConfiguration.PlatformToolset"/>
  
  <EnumProperty Name="LanguageStandard" DisplayName="C++ 言語標準" Description="コンパイラが適用する C++ 言語標準を決定します。可能なら、最新バージョンを使用することをお勧めします。(/std:c++14、/std:c++17、/std:c++latest)" Category="General" F1Keyword="VC.Project.VCCLCompilerTool.CppLanguageStandard">
    <EnumProperty.DataSource>
      <DataSource Persistence="ProjectFile" ItemType="ClCompile" Label="" HasConfigurationCondition="true"/>
    </EnumProperty.DataSource>
    <EnumValue Name="Default" DisplayName="既定"/>
    <EnumValue Name="stdcpp14" Switch="std:c++14" DisplayName="ISO C++14 標準"/>
    <EnumValue Name="stdcpp17" Switch="std:c++17" DisplayName="ISO C++17 標準"/>
    <EnumValue Name="stdcpplatest" Switch="std:c++latest" DisplayName="プレビュー - 最新の C++ Working Draft からの機能"/>
  </EnumProperty>
  
  <!-- invisible properties to keep backward compatibility if some code is using the rule to get/set properties -->
  <StringProperty Name="SDKDisplayName" DisplayName="ターゲット プラットフォーム" Description="プロジェクトの現在のターゲット プラットフォーム。" ReadOnly="true" Visible="false" Category="General" F1Keyword="VC.Project.VCConfiguration.AppSupport">
    <StringProperty.DataSource>
      <DataSource Persistence="ProjectFile" Label=""/>
    </StringProperty.DataSource>
  </StringProperty>
  <StringProperty Name="TargetExt" DisplayName="ターゲットの拡張子" Description="このプロジェクトにより生成されるファイル拡張子を指定します。(例: .exe または .dll)" F1Keyword="VC.Project.VCConfiguration.TargetExt" Visible="false" Category="General">
                  <StringProperty.DataSource>
                     <DataSource Persistence="ProjectFile" Label=""/>
                  </StringProperty.DataSource>
  </StringProperty>
  <StringListProperty Name="ExtensionsToDeleteOnClean" DisplayName="クリーン時に削除する拡張子" Description="クリーンまたはリビルドの実行時に中間ディレクトリから削除するファイルをセミコロンで区切って指定します。ワイルドカードを指定できます。" Category="General" Separator=";" Visible="false" F1Keyword="VC.Project.VCConfiguration.DeleteExtensionsOnClean">
                      <StringListProperty.DataSource>
                            <DataSource Persistence="ProjectFile" Label=""/>
                      </StringListProperty.DataSource>
  </StringListProperty>
  <StringProperty Name="BuildLogFile" DisplayName="ビルド ログ ファイル" Description="ビルドのログが有効になっている場合に、書き込むビルド ログ ファイルを指定します。" F1Keyword="VC.Project.VCConfiguration.BuildLogFile" Visible="false" Category="General" Default="$(ProjectDir)\$(MSBuildProjectName).log" Subtype="file">
                  <StringProperty.DataSource>
                     <DataSource Persistence="ProjectFile" ItemType="BuildLog" PersistedName="Path"/>
                  </StringProperty.DataSource>
  </StringProperty>
   
  <EnumProperty Name="UseOfMfc" DisplayName="MFC の使用" Description="この構成で MFC がどのように使用されるかを指定します。" Visible="false" Category="Geleral" F1Keyword="VC.Project.VCConfiguration.useOfMfc">
    <EnumValue Name="false" DisplayName="標準 Windows ライブラリを使用する" Description="標準 Windows ライブラリを使用する"/>
    <EnumValue Name="Static" DisplayName="スタティック ライブラリで MFC を使用する" Description="スタティック ライブラリで MFC を使用する"/>
    <EnumValue Name="Dynamic" DisplayName="共有 DLL で MFC を使う" Description="共有 DLL で MFC を使う"/>
  </EnumProperty>
  <EnumProperty Name="UseOfAtl" DisplayName="ATL の使用" Description="この構成で ATL がどのように使用されるかを指定します。" Category="General" Visible="false" F1Keyword="VC.Project.VCConfiguration.useOfATL">
    <EnumValue Name="false" DisplayName="ATL を使用しない" Description="ATL を使用しない"/>
    <EnumValue Name="Static" DisplayName="ATL に静的にリンク" Description="ATL に静的にリンク"/>
    <EnumValue Name="Dynamic" DisplayName="ATL に動的にリンク" Description="ATL に動的にリンク"/>
  </EnumProperty>
  <EnumProperty Name="CharacterSet" DisplayName="文字セット" Description="指定した文字セットを使用するようコンパイラを設定します。ローカリゼーションで使用されます。" Category="General" Visible="false" F1Keyword="VC.Project.VCConfiguration.CharacterSet">
    <EnumValue Name="NotSet" DisplayName="設定なし" Description="設定なし"/>
    <EnumValue Name="Unicode" DisplayName="Unicode 文字セットを使用する" Description="Unicode 文字セットを使用する"/>
    <EnumValue Name="MultiByte" DisplayName="マルチ バイト文字セットを使用する" Description="マルチ バイト文字セットを使用する"/>
  </EnumProperty>
  <EnumProperty Name="CLRSupport" DisplayName="共通言語ランタイム サポート" Description="この構成が共通言語ランタイムをサポートするかどうかを指定します。これは、たとえばランタイム チェックなどの他のいくつかの設定と互換性がありません。競合の一覧については、C++ コンパイラ スイッチの /clr ファミリに関するヘルプを参照してください。" Category="General" Visible="false" F1Keyword="VC.Project.VCConfiguration.ManagedExtensions">
    <EnumValue Name="false" DisplayName="共通言語ランタイム サポートを使用しない" Description="共通言語ランタイム サポートを使用しません"/>
    <EnumValue Name="true" DisplayName="共通言語ランタイム サポート (/clr)" Description="共通言語ランタイム サポート (/clr)"/>
    <EnumValue Name="Pure" DisplayName="純粋 MSIL 共通言語ランタイム サポート (/clr:pure)" Description="純粋 MSIL 共通言語ランタイム サポート (/clr:pure)"/>
    <EnumValue Name="Safe" DisplayName="安全な MSIL 共通言語ランタイム サポート (/clr:safe)" Description="安全な MSIL 共通言語ランタイム サポート (/clr:safe)"/>
  </EnumProperty>
  <StringProperty Name="TargetFrameworkVersion" DisplayName=".NET Framework 対象バージョン" Description="プロジェクトで対象となる .NET Framework のバージョン。'共通言語ランタイム サポート' が設定されている場合のみ適用されます。" Category="General" Visible="false" F1Keyword="VC.Project.TargetFrameworkVersion">
    <StringProperty.DataSource>
      <DataSource Persistence="ProjectFile" Label="Globals" HasConfigurationCondition="False"/>
    </StringProperty.DataSource>
  </StringProperty>
  <StringProperty Name="TargetFramework" Visible="false">
    <StringProperty.DataSource>
      <DataSource Persistence="ProjectFile" Label="Globals" HasConfigurationCondition="False"/>
    </StringProperty.DataSource>
  </StringProperty>
  <EnumProperty Name="WholeProgramOptimization" DisplayName="プログラム全体の最適化" Description="プログラムの最適化を .obj 全体に対して行います。C/C++ の最適化が有効になっているときに、最も効果があります。" Category="General" Visible="false" F1Keyword="VC.Project.VCConfiguration.WholeProgramOptimization">
    <EnumValue Name="false" DisplayName="プログラム全体の最適化なし" Description="プログラム全体の最適化なし"/>
    <EnumValue Name="true" DisplayName="リンク時のコード生成を使用" Description="リンク時のコード生成を使用します"/>
    <EnumValue Name="PGInstrument" DisplayName="ガイド付き最適化のプロファイル - インストルメント" Description="ガイド付き最適化のプロファイル - インストルメント"/>
    <EnumValue Name="PGOptimize" DisplayName="ガイド付き最適化のプロファイル - 最適化" Description="ガイド付き最適化のプロファイル - 最適化"/>
    <EnumValue Name="PGUpdate" DisplayName="ガイド付き最適化のプロファイル - 更新" Description="ガイド付き最適化のプロファイル - 更新"/>
  </EnumProperty>
  <BoolProperty Name="WindowsAppContainer" DisplayName="Windows ストア アプリのサポート" Description="このプロジェクトで Windows ストア アプリがサポートされるようにします。" Category="General" Visible="false" F1Keyword="VC.Project.VCConfiguration.AppSupport"/>
  <BoolProperty Name="UseDebugLibraries" DisplayName="デバッグ ライブラリの使用" Description="この構成でデバッグ ライブラリとデバッグ スイッチを使用する必要があるかどうかを指定します" Category="General" Visible="false">
  </BoolProperty>
  <BoolProperty Name="EnableManagedIncrementalBuild" DisplayName="マネージド インクリメンタル ビルドを有効にする" Description="metagen を使用するマネージド インクリメンタル ビルド シナリオを有効にします。" Category="General" Visible="false" F1Keyword="VC.Project.VCConfiguration.EnableManagedIncrementalBuild">
    <BoolProperty.DataSource>
      <DataSource Persistence="ProjectFile" Label=""/>
    </BoolProperty.DataSource>
  </BoolProperty>
  <StringProperty Name="_ProjectFileVersion" DisplayName="プロジェクト ファイルのバージョン" Description="このプロジェクト ファイルの作成に使用する変換ツールのバージョンを指定します。" Category="General" Visible="false">
    <StringProperty.DataSource>
      <DataSource Persistence="ProjectFile"/>
    </StringProperty.DataSource>
  </StringProperty>
  <StringProperty Name="ProjectGuid" Visible="False">
    <StringProperty.DataSource>
      <DataSource Persistence="ProjectFile" Label="Globals" HasConfigurationCondition="False"/>
    </StringProperty.DataSource>
  </StringProperty>
  <DynamicEnumProperty Name="TargetFrameworkMoniker" DisplayName="ターゲット フレームワーク モニカー" EnumProvider="TargetFrameworkMoniker" Visible="false"/>
  <StringProperty Name="TargetPath" Visible="False"/>
  <StringProperty Name="MSBuildProjectDirectory" Visible="false"/>
  <StringProperty Name="PackageAction" Visible="false" Description="プロジェクトをパッケージ化するときに使用する MSBuild ターゲットです。"/>
  <StringProperty Name="DefaultContentType" Visible="false" Description="ファイルを追加するときに使用する既定のコンテンツ タイプ名です。"/>
  <StringProperty Name="VCInstallDir" Visible="false"/>
  <StringProperty Name="VCIDEInstallDir" Visible="false"/>
  <StringProperty Name="VCToolsInstallDir" Visible="false"/>
  <StringProperty Name="VSInstallDir" Visible="false"/>
  <StringProperty Name="Platform" Visible="false"/>
  <StringProperty Name="Configuration" Visible="false"/>
  <StringProperty Name="DebuggerSymbolsPath" Visible="false"/>
  <StringProperty Name="AssemblySearchPaths" Visible="false"/>
  <StringProperty Name="DefaultPlatformToolset" Visible="false"/>
  <BoolProperty Name="EnableDesignTimeBuild" Visible="false"/>
  <BoolProperty Name="AppContainerApplication" Visible="false"/>
  <EnumProperty Name="TargetRuntime" Visible="false">
    <EnumValue Name="Managed"/>
    <EnumValue Name="Native"/>
    <EnumValue Name="AppHost" DisplayName="Windows アプリケーション"/>
  </EnumProperty>
  <StringProperty Name="AddItemTemplateGuid" Visible="false"/>
  <BoolProperty Name="ContainsStartupTask" Visible="false"/>
  <StringProperty Name="ProjectSubType" Visible="False">
    <StringProperty.DataSource>
      <DataSource Persistence="ProjectFile" Label="Globals" HasConfigurationCondition="False"/>
    </StringProperty.DataSource>
  </StringProperty>
</Rule>
