<?xml version="1.0" encoding="utf-8"?>
<!--Copyright, Microsoft Corporation, All rights reserved.-->
<Rule Name="ConfigurationGeneral" DisplayName="全般" PageTemplate="generic" Description="全般" xmlns="http://schemas.microsoft.com/build/2009/properties">
  <Rule.Categories>
    <Category Name="General" DisplayName="全般" Description="全般"/>
    <Category Name="ProjectDefaults" DisplayName="プロジェクトの既定値" Description="プロジェクトの既定値"/>
  </Rule.Categories>
  <Rule.DataSource>
    <DataSource Persistence="ProjectFile" Label="Configuration"/>
  </Rule.DataSource>
  <StringProperty Name="SDKDisplayName" DisplayName="ターゲット プラットフォーム" Description="プロジェクトの現在のターゲット プラットフォーム" ReadOnly="true" Category="General" F1Keyword="VC.Project.VCConfiguration.AppSupport">
                  <StringProperty.DataSource>
                    <DataSource Persistence="ProjectFile" Label=""/>
                  </StringProperty.DataSource>
  </StringProperty>
  <DynamicEnumProperty Name="WindowsTargetPlatformVersion" DisplayName="ターゲット プラットフォーム バージョン" Description="ターゲットのプラットフォームのバージョンです。10.0 を選択して、最新のインストール済み Windows 10 SDK バージョンをそのままご使用ください。" Category="General" EnumProvider="PlatformVersionsEx" Visible="true" F1Keyword="VC.Project.VCConfiguration.TargetPlatformVersion">
    <DynamicEnumProperty.DataSource>
      <DataSource Persistence="ProjectFile" Label="Globals" SourceOfDefaultValue="AfterContext" HasConfigurationCondition="False"/>
    </DynamicEnumProperty.DataSource>
  </DynamicEnumProperty>
  <DynamicEnumProperty Name="WindowsTargetPlatformMinVersion" DisplayName="ターゲット プラットフォームの最小バージョン" Description="このアプリケーションが対象にできるプラットフォームの最小バージョン" Category="General" EnumProvider="PreviousPlatformVersions" Visible="true" F1Keyword="VC.Project.VCConfiguration.TargetPlatformVersion">
    <DynamicEnumProperty.DataSource>
      <DataSource Persistence="ProjectFile" Label="Globals" SourceOfDefaultValue="AfterContext" HasConfigurationCondition="False"/>
    </DynamicEnumProperty.DataSource>
  </DynamicEnumProperty>
  <StringProperty Name="OutDir" DisplayName="出力ディレクトリ" Description="出力ファイル ディレクトリへの相対パスを指定します。環境変数を含めることができます。" Category="General" Default="$(SolutionDir)$(Configuration)\" Subtype="folder" F1Keyword="VC.Project.VCConfiguration.OutputDirectory">
                  <StringProperty.DataSource>
                     <DataSource Persistence="ProjectFile" Label=""/>
                  </StringProperty.DataSource>
  </StringProperty>
  <StringProperty Name="IntDir" DisplayName="中間ディレクトリ" Description="中間ファイル ディレクトリへの相対パスを指定します。環境変数を含めることができます。" Category="General" Default="$(Configuration)\" Subtype="folder" F1Keyword="VC.Project.VCConfiguration.IntermediateDirectory">
                  <StringProperty.DataSource>
                     <DataSource Persistence="ProjectFile" Label=""/>
                  </StringProperty.DataSource>
  </StringProperty>
  <StringProperty Name="TargetName" DisplayName="ターゲット名" Description="このプロジェクトにより生成されるファイル名を指定します。" F1Keyword="VC.Project.VCConfiguration.TargetName" Category="General" Default="$(ProjectName)">
                  <StringProperty.DataSource>
                     <DataSource Persistence="ProjectFile" Label=""/>
                  </StringProperty.DataSource>
  </StringProperty>
  <StringProperty Name="TargetExt" DisplayName="ターゲットの拡張子" Description="このプロジェクトにより生成されるファイル拡張子を指定します。(例: .exe または .dll)" F1Keyword="VC.Project.VCConfiguration.TargetExt" Category="General">
                  <StringProperty.DataSource>
                     <DataSource Persistence="ProjectFile" Label=""/>
                  </StringProperty.DataSource>
  </StringProperty>
  <StringListProperty Name="ExtensionsToDeleteOnClean" DisplayName="クリーン時に削除する拡張子" Description="クリーンまたはリビルドの実行時に中間ディレクトリから削除するファイルをセミコロンで区切って指定します。ワイルドカードを指定できます。" Category="General" Separator=";" F1Keyword="VC.Project.VCConfiguration.DeleteExtensionsOnClean">
                      <StringListProperty.DataSource>
                            <DataSource Persistence="ProjectFile" Label=""/>
                      </StringListProperty.DataSource>
  </StringListProperty>
  <StringProperty Name="BuildLogFile" DisplayName="ビルド ログ ファイル" Description="ビルドのログが有効になっている場合に、書き込むビルド ログ ファイルを指定します。" F1Keyword="VC.Project.VCConfiguration.BuildLogFile" Category="General" Default="$(ProjectDir)\$(MSBuildProjectName).log" Subtype="file">
                  <StringProperty.DataSource>
                     <DataSource Persistence="ProjectFile" ItemType="BuildLog" PersistedName="Path"/>
                  </StringProperty.DataSource>
  </StringProperty>
  <!-- There is no InheritProjectPropertySheets in the project file. The property sheets will be expressed as explicit Imports.
  <StringListProperty Name="InheritProjectPropertySheets" DisplayName="Inherit Project Property Sheets"
                      Description="Specifies the project property sheets this configuration or property sheet inherits from."
                      Category="General" Separator=";" Subtype="file" /> -->
  <DynamicEnumProperty Name="PlatformToolset" DisplayName="プラットフォーム ツールセット" EnumProvider="Toolsets" Description="現在の構成の作成に使用するツールセットを指定します。設定しない場合は、既定のツールセットが使用されます。" F1Keyword="VC.Project.VCConfiguration.PlatformToolset" Category="General"/>
  <EnumProperty Name="ConfigurationType" DisplayName="構成の種類" Description="この構成が生成する出力の種類を指定します。" Category="ProjectDefaults" F1Keyword="VC.Project.VCConfiguration.ConfigurationType">
    <EnumValue Name="Application" DisplayName="アプリケーション (.exe)" Description="アプリケーション (.exe)"/>
    <EnumValue Name="DynamicLibrary" DisplayName="ダイナミック ライブラリ (.dll)" Description="ダイナミック ライブラリ (.dll)"/>
    <EnumValue Name="StaticLibrary" DisplayName="スタティック ライブラリ (.lib)" Description="スタティック ライブラリ (.lib)"/>
  </EnumProperty>
  <EnumProperty Name="WholeProgramOptimization" DisplayName="プログラム全体の最適化" Description="プログラムの最適化を .obj 全体に対して行います。C/C++ の最適化が有効になっているときに、最も効果があります。" Category="ProjectDefaults" F1Keyword="VC.Project.VCConfiguration.WholeProgramOptimization">
    <EnumValue Name="false" DisplayName="プログラム全体の最適化なし" Description="プログラム全体の最適化なし"/>
    <EnumValue Name="true" DisplayName="リンク時のコード生成を使用します" Description="リンク時のコード生成を使用します"/>
  </EnumProperty>
  <BoolProperty Name="WindowsAppContainer" DisplayName="Windows ストア アプリのサポート" Description="このプロジェクトで Windows ストア アプリがサポートされるようにします。" ReadOnly="true" Category="ProjectDefaults" F1Keyword="VC.Project.VCConfiguration.AppSupport"/>
  <EnumProperty Name="CharacterSet" DisplayName="文字セット" Description="指定した文字セットを使用するようコンパイラを設定します。ローカリゼーションで使用されます。" Category="ProjectDefaults" Visible="false" F1Keyword="VC.Project.VCConfiguration.CharacterSet">
    <EnumValue Name="Unicode" DisplayName="Unicode 文字セットを使用する" Description="Unicode 文字セットを使用する"/>
  </EnumProperty>
  <BoolProperty Name="UseDebugLibraries" DisplayName="デバッグ ライブラリの使用" Description="この構成でデバッグ ライブラリとデバッグ スイッチを使用する必要があるかどうかを指定します" Category="ProjectDefaults" Visible="false">
  </BoolProperty>
  <StringProperty Name="_ProjectFileVersion" DisplayName="プロジェクト ファイルのバージョン" Description="このプロジェクト ファイルの作成に使用する変換ツールのバージョンを指定します。" Category="General" Visible="false">
    <StringProperty.DataSource>
      <DataSource Persistence="ProjectFile"/>
    </StringProperty.DataSource>
  </StringProperty>
  <StringProperty Name="ProjectGuid" Visible="False">
    <StringProperty.DataSource>
      <DataSource Persistence="ProjectFile" Label="Globals" HasConfigurationCondition="False"/>
    </StringProperty.DataSource>
  </StringProperty>
  <DynamicEnumProperty Name="TargetFrameworkMoniker" DisplayName="ターゲット フレームワーク モニカー" EnumProvider="TargetFrameworkMoniker" Visible="false"/>

  <EnumProperty Name="UseOfMfc" Category="ProjectDefaults" Visible="false">
    <EnumValue Name="false"/>
    <EnumValue Name="Static"/>
    <EnumValue Name="Dynamic"/>
  </EnumProperty>
  <EnumProperty Name="UseOfAtl" Visible="false">
    <EnumValue Name="false"/>
    <EnumValue Name="Static"/>
    <EnumValue Name="Dynamic"/>
  </EnumProperty>
  <EnumProperty Name="CLRSupport" Visible="False">
    <EnumValue Name="false"/>
    <EnumValue Name="true"/>
    <EnumValue Name="Pure"/>
    <EnumValue Name="Safe"/>
  </EnumProperty>
  <StringProperty Name="TargetPath" Visible="False"/>
  <StringProperty Name="MSBuildProjectDirectory" Visible="false"/>
  <StringProperty Name="PackageAction" Visible="false" Description="プロジェクトをパッケージ化するときに使用する MSBuild ターゲットです。"/>
  <StringProperty Name="DefaultContentType" Visible="false" Description="ファイルを追加するときに使用する既定のコンテンツ タイプ名です。"/>
  <StringProperty Name="VCInstallDir" Visible="false"/>
  <StringProperty Name="VCIDEInstallDir" Visible="false"/>
  <StringProperty Name="VSInstallDir" Visible="false"/>
  <StringProperty Name="Platform" Visible="false"/>
  <StringProperty Name="Configuration" Visible="false"/>
  <StringProperty Name="DebuggerSymbolsPath" Visible="false"/>
  <StringProperty Name="AssemblySearchPaths" Visible="false"/>
  <StringProperty Name="DefaultPlatformToolset" Visible="false"/>
  <BoolProperty Name="EnableDesignTimeBuild" Visible="false"/>
  <BoolProperty Name="AppContainerApplication" Visible="false"/>
  <EnumProperty Name="TargetRuntime" Visible="false">
    <EnumValue Name="Managed"/>
    <EnumValue Name="Native"/>
    <EnumValue Name="AppHost" DisplayName="Windows アプリケーション"/>
  </EnumProperty>
  <StringProperty Name="AddItemTemplateGuid" Visible="false"/>
  <BoolProperty Name="ContainsStartupTask" Visible="false"/>
</Rule>
