<?xml version="1.0" encoding="utf-8"?>
<!--Copyright, Microsoft Corporation, All rights reserved.-->
<Rule Name="ConfigurationGeneralAdvanced" OverrideMode="Extend" xmlns="http://schemas.microsoft.com/build/2009/properties">
  
 
  <StringProperty Name="TargetFramework" DisplayName=".NET Core ターゲット フレームワーク" Description="プロジェクトで対象となる .NET Core のバージョン。'共通言語ランタイム サポート' が .NET Core に設定されている場合のみ適用されます。" Category="CLR" F1Keyword="VC.Project.TargetFrameworkVersion">
    <StringProperty.DataSource>
      <DataSource Persistence="ProjectFile" Label="Globals" HasConfigurationCondition="False"/>
    </StringProperty.DataSource>
  </StringProperty>

  <StringProperty Name="TargetFrameworkVersion" Visible="false" DisplayName=".NET Framework 対象バージョン" Description="プロジェクトで対象となる .NET Framework のバージョン。'共通言語ランタイム サポート' が設定されている場合のみ適用されます。" Category="CLR" F1Keyword="VC.Project.TargetFrameworkVersion">
    <StringProperty.DataSource>
      <DataSource Persistence="ProjectFile" Label="Globals" HasConfigurationCondition="False"/>
    </StringProperty.DataSource>
  </StringProperty>

  <BoolProperty Name="EnableManagedIncrementalBuild" Visible="false" DisplayName="マネージド インクリメンタル ビルドを有効にする" Description="metagen を使用するマネージド インクリメンタル ビルド シナリオを有効にします。" Category="CLR" F1Keyword="VC.Project.VCConfiguration.EnableManagedIncrementalBuild">
    <BoolProperty.DataSource>
      <DataSource Persistence="ProjectFile" Label=""/>
    </BoolProperty.DataSource>
  </BoolProperty>

</Rule>
