<?xml version="1.0" encoding="utf-8"?>
<!--Copyright, Microsoft Corporation, All rights reserved.-->
<Rule Name="ConfigurationGeneralFile" DisplayName="全般" PageTemplate="generic" Description="全般" xmlns="http://schemas.microsoft.com/build/2009/properties">
  <Rule.Categories>
    <Category Name="General" DisplayName="全般" Description="全般"/>
  </Rule.Categories>
  <Rule.DataSource>
    <DataSource Persistence="ProjectFile" Label="Configuration" ItemType="{}{AnyType}"/>
  </Rule.DataSource>
  <BoolProperty Name="ExcludedFromBuild" DisplayName="ビルドから除外" Category="General" Description="この構成において、選択したファイルをビルドに含めません。" F1Keyword="VC.Project.VCFileConfiguration.ExcludedFromBuild"/>
  <BoolProperty Name="DeploymentContent" DisplayName="コンテンツ" Category="General" Description="ファイルが配置可能なコンテンツかどうかを指定します。" F1Keyword="VC.Project.VCFileConfiguration.DeploymentContent">
    <BoolProperty.DataSource>
      <DataSource Persistence="ProjectFile" HasConfigurationCondition="true" Label="Configuration" ItemType="{}{AnyType}"/>
    </BoolProperty.DataSource>
  </BoolProperty>
  <DynamicEnumProperty Name="{}{ItemType}" DisplayName="項目の種類" Category="General" Description="ビルド ツールまたはファイルを決定する項目の種類。" EnumProvider="ItemTypes" F1Keyword="VC.Project.VCFileConfiguration.Tool">
    <DynamicEnumProperty.DataSource>
      <DataSource Persistence="ProjectFile" ItemType="{}{AnyType}" HasConfigurationCondition="false"/>
    </DynamicEnumProperty.DataSource>
  </DynamicEnumProperty>
  <StringProperty Name="GeneratorTarget" Visible="false"/>
</Rule>
