<?xml version="1.0" encoding="utf-8"?>
<!--Copyright, Microsoft Corporation, All rights reserved.-->
<Rule Name="ConfigurationGeneral" DisplayName="全般" PageTemplate="generic" Description="全般" xmlns="http://schemas.microsoft.com/build/2009/properties">
  <Rule.Categories>
    <Category Name="General" DisplayName="全般" Description="全般"/>
  </Rule.Categories>
  <Rule.DataSource>
    <DataSource Persistence="ProjectFile" Label="Configuration"/>
  </Rule.DataSource>
  <StringProperty Name="OutDir" DisplayName="出力ディレクトリ" Description="出力ファイル ディレクトリへの相対パスを指定します。環境変数を含めることができます。" Category="General" Default="$(SolutionDir)$(Configuration)\" Subtype="folder" F1Keyword="VC.Project.VCConfiguration.OutputDirectory">
                  <StringProperty.DataSource>
                     <DataSource Persistence="ProjectFile" Label=""/>
                  </StringProperty.DataSource>
  </StringProperty>
  <StringProperty Name="IntDir" DisplayName="中間ディレクトリ" Description="中間ファイル ディレクトリへの相対パスを指定します。環境変数を含めることができます。" Category="General" Default="$(Configuration)\" Subtype="folder" F1Keyword="VC.Project.VCConfiguration.IntermediateDirectory">
                  <StringProperty.DataSource>
                     <DataSource Persistence="ProjectFile" Label=""/>
                  </StringProperty.DataSource>
  </StringProperty>
  <StringProperty Name="TargetName" DisplayName="ターゲット名" Description="このプロジェクトにより生成されるファイル名を指定します。" F1Keyword="VC.Project.VCConfiguration.TargetName" Category="General" Default="$(ProjectName)">
                  <StringProperty.DataSource>
                     <DataSource Persistence="ProjectFile" Label=""/>
                  </StringProperty.DataSource>
  </StringProperty>
  <StringProperty Name="TargetExt" DisplayName="ターゲットの拡張子" Description="このプロジェクトにより生成されるファイル拡張子を指定します。(例: .exe または .dll)" F1Keyword="VC.Project.VCConfiguration.TargetExt" Category="General">
                  <StringProperty.DataSource>
                     <DataSource Persistence="ProjectFile" Label=""/>
                  </StringProperty.DataSource>
  </StringProperty>
  <StringListProperty Name="ExtensionsToDeleteOnClean" DisplayName="クリーン時に削除する拡張子" Description="クリーンまたはリビルドの実行時に中間ディレクトリから削除するファイルをセミコロンで区切って指定します。ワイルドカードを指定できます。" Category="General" Separator=";" F1Keyword="VC.Project.VCConfiguration.DeleteExtensionsOnClean">
                      <StringListProperty.DataSource>
                            <DataSource Persistence="ProjectFile" Label=""/>
                      </StringListProperty.DataSource>
  </StringListProperty>
  <StringListProperty Name="NoDependencies" DisplayName="依存関係ファイル リストがありません。" Description="セミコロンで区切られたファイル リスト。インクリメンタル ビルド時に依存関係グラフ検査の対象から除外されます。このリストに追加されたファイルを修正しても、インクリメンタル ビルドは実行されません。" Category="General" Separator=";" F1Keyword="VC.Project.VCConfiguration.NoDependencies">
    <StringListProperty.DataSource>
      <DataSource Persistence="ProjectFile" Label=""/>
    </StringListProperty.DataSource>
  </StringListProperty>
  <StringProperty Name="BuildLogFile" DisplayName="ビルド ログ ファイル" Description="ビルドのログが有効になっている場合に、書き込むビルド ログ ファイルを指定します。" F1Keyword="VC.Project.VCConfiguration.BuildLogFile" Category="General" Default="$(ProjectDir)\$(MSBuildProjectName).log" Subtype="file">
    <StringProperty.DataSource>
      <DataSource Persistence="ProjectFile" ItemType="BuildLog" PersistedName="Path"/>
    </StringProperty.DataSource>
  </StringProperty>
  <!-- There is no InheritProjectPropertySheets in the project file. The property sheets will be expressed as explicit Imports.
  <StringListProperty Name="InheritProjectPropertySheets" DisplayName="Inherit Project Property Sheets"
                      Description="Specifies the project property sheets this configuration or property sheet inherits from."
                      Category="General" Separator=";" Subtype="file" /> -->
  <BoolProperty Name="EnableManagedIncrementalBuild" DisplayName="マネージド インクリメンタル ビルドを有効にする" Description="metagen を使用するマネージド インクリメンタル ビルド シナリオを有効にします。" Category="General" F1Keyword="VC.Project.VCConfiguration.EnableManagedIncrementalBuild">
    <BoolProperty.DataSource>
      <DataSource Persistence="ProjectFile" Label=""/>
    </BoolProperty.DataSource>
  </BoolProperty>
  <StringProperty Name="_ProjectFileVersion" DisplayName="プロジェクト ファイルのバージョン" Description="このプロジェクト ファイルの作成に使用する変換ツールのバージョンを指定します。" Category="General" Visible="false">
    <StringProperty.DataSource>
      <DataSource Persistence="ProjectFile"/>
    </StringProperty.DataSource>
  </StringProperty>
  <DynamicEnumProperty Name="TargetFrameworkMoniker" DisplayName="ターゲット フレームワーク モニカー" EnumProvider="TargetFrameworkMoniker" Visible="false"/>
</Rule>
