<?xml version="1.0" encoding="utf-8"?>
<!--Copyright, Microsoft Corporation, All rights reserved.-->
<Rule Name="ConfigurationGeneralAdvanced" DisplayName="詳細" PageTemplate="generic" Description="詳細プロパティ" xmlns="http://schemas.microsoft.com/build/2009/properties">
  <Rule.Categories>
    <Category Name="General" DisplayName="詳細プロパティ" Description="詳細プロパティ"/>
    <Category Name="CLR" DisplayName="C++/CLI プロパティ" Description="C++/CLI プロパティ"/>
  </Rule.Categories>
  <Rule.DataSource>
    <DataSource Persistence="ProjectFile" Label="Configuration"/>
  </Rule.DataSource>
  
  <EnumProperty Name="CLRSupport" DisplayName="共通言語ランタイム サポート" Description="この構成が共通言語ランタイムをサポートするかどうかを指定します。これは、たとえばランタイム チェックなどの他のいくつかの設定と互換性がありません。競合の一覧については、C++ コンパイラ スイッチの /clr ファミリに関するヘルプを参照してください。" Category="CLR" F1Keyword="VC.Project.VCConfiguration.ManagedExtensions">
    <EnumValue Name="false" DisplayName="共通言語ランタイム サポートを使用しない"/>
    <EnumValue Name="NetCore" DisplayName=".NET Core Runtime Support (/clr:netcore)"/>
    <EnumValue Name="true" DisplayName="共通言語ランタイム サポート (/clr)"/>
    <EnumValue Name="Pure" DisplayName="純粋 MSIL 共通言語ランタイム サポート (/clr:pure)"/>
    <EnumValue Name="Safe" DisplayName="安全な MSIL 共通言語ランタイム サポート (/clr:safe)"/>
  </EnumProperty>
  
  <StringProperty Name="TargetFrameworkVersion" DisplayName=".NET Framework 対象バージョン" Description="プロジェクトで対象となる .NET Framework のバージョン。'共通言語ランタイム サポート' が設定されている場合のみ適用されます。" Category="CLR" F1Keyword="VC.Project.TargetFrameworkVersion">
    <StringProperty.DataSource>
      <DataSource Persistence="ProjectFile" Label="Globals" HasConfigurationCondition="False"/>
    </StringProperty.DataSource>
  </StringProperty>

  <StringProperty Name="TargetFramework" Visible="false" DisplayName=".NET Core ターゲット フレームワーク" Description="プロジェクトで対象となる .NET Core のバージョン。'共通言語ランタイム サポート' が .NET Core に設定されている場合のみ適用されます。" Category="CLR" F1Keyword="VC.Project.TargetFrameworkVersion">
    <StringProperty.DataSource>
      <DataSource Persistence="ProjectFile" Label="Globals" HasConfigurationCondition="False"/>
    </StringProperty.DataSource>
  </StringProperty>

  <BoolProperty Name="EnableManagedIncrementalBuild" DisplayName="マネージド インクリメンタル ビルドを有効にする" Description="metagen を使用するマネージド インクリメンタル ビルド シナリオを有効にします。" Category="CLR" F1Keyword="VC.Project.VCConfiguration.EnableManagedIncrementalBuild">
    <BoolProperty.DataSource>
      <DataSource Persistence="ProjectFile" Label=""/>
    </BoolProperty.DataSource>
  </BoolProperty>

  <StringProperty Name="TargetExt" DisplayName="ターゲット ファイルの拡張子" Description="プログラムに付けるファイル拡張子を指定します。(例: .exe または .dll)" F1Keyword="VC.Project.VCConfiguration.TargetExt" Category="General">
    <StringProperty.DataSource>
      <DataSource Persistence="ProjectFile" Label=""/>
    </StringProperty.DataSource>
  </StringProperty>

  <StringListProperty Name="ExtensionsToDeleteOnClean" DisplayName="クリーン時に削除する拡張子" Description="クリーンまたはリビルドの実行時に中間ディレクトリから削除するファイルをセミコロンで区切って指定します。ワイルドカードを指定できます。" Category="General" Separator=";" F1Keyword="VC.Project.VCConfiguration.DeleteExtensionsOnClean">
    <StringListProperty.DataSource>
      <DataSource Persistence="ProjectFile" Label=""/>
    </StringListProperty.DataSource>
  </StringListProperty>

  <StringProperty Name="BuildLogFile" DisplayName="ビルド ログ ファイル" Description="ビルドのログが有効になっている場合に、書き込むビルド ログ ファイルを指定します。" F1Keyword="VC.Project.VCConfiguration.BuildLogFile" Category="General" Subtype="file">
    <StringProperty.DataSource>
      <DataSource Persistence="ProjectFile" ItemType="BuildLog" PersistedName="Path"/>
    </StringProperty.DataSource>
  </StringProperty>

  <EnumProperty Name="PreferredToolArchitecture" DisplayName="優先するビルド ツール アーキテクチャ" Description="プログラムのコンパイルに、どのビルド ツールを使用するかを決定します (32 ビットまたは 64 ビット)。" Category="General" F1Keyword="VC.Project.VCConfiguration.PreferredToolArchitecture">
    <EnumValue Name="" DisplayName="既定"/>
    <EnumValue Name="x86" DisplayName="32 ビット (x86)"/>
    <EnumValue Name="x64" DisplayName="64 ビット (x64)"/>
  </EnumProperty>

  <BoolProperty Name="UseDebugLibraries" DisplayName="デバッグ ライブラリの使用" Description="構成を、開発 (DEBUG) と運用 (RELEASE) のどちらに設定するかを指定します。" Category="General" F1Keyword="VC.Project.VCConfiguration.UseDebugLibraries">
  </BoolProperty>

  <BoolProperty Name="EnableUnitySupport" DisplayName="Unity (JUMBO) ビルドを有効にする" Description="ビルド パフォーマンスを向上するために、コンパイルの前に多くの C++ ソース ファイルを 1 つまたは複数の 'unity' ファイルに結合するビルド プロセスを有効にします。Unity ゲーム エンジンとは関係がありません" Category="General" F1Keyword="VC.Project.VCConfiguration.EnableUnitySupport"/>

  <EnumProperty Name="UseOfMfc" DisplayName="MFC の使用" Description="この構成で MFC がどのように使用されるかを指定します。" Category="General" F1Keyword="VC.Project.VCConfiguration.useOfMfc">
    <EnumValue Name="false" DisplayName="標準 Windows ライブラリを使用する" Description="標準 Windows ライブラリを使用する"/>
    <EnumValue Name="Static" DisplayName="スタティック ライブラリで MFC を使用する" Description="スタティック ライブラリで MFC を使用する"/>
    <EnumValue Name="Dynamic" DisplayName="共有 DLL で MFC を使う" Description="共有 DLL で MFC を使う"/>
  </EnumProperty>

  <EnumProperty Name="CharacterSet" DisplayName="文字セット" Description="指定した文字セットを使用するようコンパイラを設定します。ローカリゼーションで使用されます。" Category="General" F1Keyword="VC.Project.VCConfiguration.CharacterSet">
    <EnumValue Name="NotSet" DisplayName="設定なし" Description="設定なし"/>
    <EnumValue Name="Unicode" DisplayName="Unicode 文字セットを使用する" Description="Unicode 文字セットを使用する"/>
    <EnumValue Name="MultiByte" DisplayName="マルチ バイト文字セットを使用する" Description="マルチ バイト文字セットを使用する"/>
  </EnumProperty>

  <EnumProperty Name="WholeProgramOptimization" DisplayName="プログラム全体の最適化" Description="プログラムの最適化を .obj 全体に対して行います。C/C++ の最適化が有効になっているときに、最も効果があります。" Category="General" F1Keyword="VC.Project.VCConfiguration.WholeProgramOptimization">
    <EnumValue Name="false" DisplayName="プログラム全体の最適化なし" Description="プログラム全体の最適化なし"/>
    <EnumValue Name="true" DisplayName="リンク時のコード生成を使用" Description="リンク時のコード生成を使用します"/>
    <EnumValue Name="PGInstrument" DisplayName="ガイド付き最適化のプロファイル - インストルメント" Description="ガイド付き最適化のプロファイル - インストルメント"/>
    <EnumValue Name="PGOptimize" DisplayName="ガイド付き最適化のプロファイル - 最適化" Description="ガイド付き最適化のプロファイル - 最適化"/>
    <EnumValue Name="PGUpdate" DisplayName="ガイド付き最適化のプロファイル - 更新" Description="ガイド付き最適化のプロファイル - 更新"/>
  </EnumProperty>

  <DynamicEnumProperty Name="VCToolsVersion" DisplayName="MSVC ツールセット バージョン" EnumProvider="VCToolsVersion" Description="このプロジェクトでビルドに使用される MSVC ツールセットの完全なバージョンを指定します。" Category="General" F1Keyword="VC.Project.VCConfiguration.VCToolsVersion">
  </DynamicEnumProperty>
</Rule>
