<?xml version="1.0" encoding="utf-8"?>
<!--Copyright, Microsoft Corporation, All rights reserved.-->
<Rule Name="ConfigurationGeneral" DisplayName="全般" PageTemplate="generic" Description="全般" xmlns="http://schemas.microsoft.com/build/2009/properties">
  <Rule.Categories>
    <Category Name="General" DisplayName="全般" Description="全般"/>
    <Category Name="ProjectDefaults" DisplayName="プロジェクトの既定値" Description="プロジェクトの既定値"/>
  </Rule.Categories>
  <Rule.DataSource>
    <DataSource Persistence="ProjectFile" Label="Configuration"/>
  </Rule.DataSource>
  <StringProperty Name="OutDir" DisplayName="出力ディレクトリ" Description="出力ファイル ディレクトリへの相対パスを指定します。環境変数を含めることができます。" Category="General" Default="$(SolutionDir)$(ConfigurationName)" Subtype="folder" F1Keyword="VC.Project.VCConfiguration.OutputDirectory">
                  <StringProperty.DataSource>
                     <DataSource Persistence="ProjectFile" Label=""/>
                  </StringProperty.DataSource>
  </StringProperty>
                  
  <StringProperty Name="IntDir" DisplayName="中間ディレクトリ" Description="中間ファイル ディレクトリへの相対パスを指定します。環境変数を含めることができます。" Category="General" Default="$(ConfigurationName)" Subtype="folder" F1Keyword="VC.Project.VCConfiguration.IntermediateDirectory">
                  <StringProperty.DataSource>
                     <DataSource Persistence="ProjectFile" Label=""/>
                  </StringProperty.DataSource>
  </StringProperty>
  <EnumProperty Name="ConfigurationType" DisplayName="構成の種類" Description="この構成が生成する出力の種類を指定します。" Category="ProjectDefaults" F1Keyword="VC.Project.VCConfiguration.ConfigurationType">
    <EnumValue Name="Makefile" DisplayName="メイクファイル" Description="メイクファイルです"/>
    <EnumValue Name="Application" DisplayName="アプリケーション (.exe)" Description="アプリケーション (.exe)"/>
    <EnumValue Name="DynamicLibrary" DisplayName="ダイナミック ライブラリ (.dll)" Description="ダイナミック ライブラリ (.dll)"/>
    <EnumValue Name="StaticLibrary" DisplayName="スタティック ライブラリ (.lib)" Description="スタティック ライブラリ (.lib)"/>
    <EnumValue Name="Utility" DisplayName="ユーティリティ" Description="ユーティリティです"/>
  </EnumProperty>

  <EnumProperty Name="CLRSupport" DisplayName="共通言語ランタイム サポート" Description="コードで使用する共通言語ランタイム サポートを選択します。" Category="ProjectDefaults" F1Keyword="VC.Project.VCConfiguration.ManagedExtensions">
    <EnumValue Name="false" DisplayName="共通言語ランタイム サポートを使用しない" Description="共通言語ランタイム サポートを使用しない"/>
    <EnumValue Name="true" DisplayName="共通言語ランタイム サポート (/clr)" Description="共通言語ランタイム サポート (/clr)"/>
    <EnumValue Name="Pure" DisplayName="純粋 MSIL 共通言語ランタイム サポート (/clr:pure)" Description="純粋 MSIL 共通言語ランタイム サポート (/clr:pure)"/>
    <EnumValue Name="Safe" DisplayName="安全な MSIL 共通言語ランタイム サポート (/clr:safe)" Description="安全な MSIL 共通言語ランタイム サポート (/clr:safe)"/>
  </EnumProperty>
  <StringProperty Name="TargetFrameworkVersion" DisplayName=".NET Framework 対象バージョン" Description="プロジェクトで対象となる .NET Framework のバージョン。'共通言語ランタイム サポート' が設定されている場合のみ適用されます。" ReadOnly="true" Category="ProjectDefaults" F1Keyword="VC.Project.TargetFrameworkVersion"/>

  <StringProperty Name="BuildLogFile" DisplayName="ビルド ログ ファイル" Description="ビルドのログが有効になっている場合に、書き込むビルド ログ ファイルを指定します。" F1Keyword="VC.Project.VCConfiguration.BuildLogFile" Category="General" Default="$(ProjectDir)\$(MSBuildProjectName).log" Subtype="file">
    <StringProperty.DataSource>
      <DataSource Persistence="ProjectFile" ItemType="BuildLog" PersistedName="Path"/>
    </StringProperty.DataSource>
  </StringProperty>
  <StringProperty Name="_ProjectFileVersion" DisplayName="プロジェクト ファイルのバージョン" Description="このプロジェクト ファイルの作成に使用する変換ツールのバージョンを指定します。" Category="General" Visible="false">
    <StringProperty.DataSource>
      <DataSource Persistence="ProjectFile"/>
    </StringProperty.DataSource>
  </StringProperty>
  <StringProperty Name="ProjectGuid" Visible="False">
    <StringProperty.DataSource>
      <DataSource Persistence="ProjectFile" Label="Globals" HasConfigurationCondition="False"/>
    </StringProperty.DataSource>
  </StringProperty>
  <EnumProperty Name="UseOfMfc" Visible="false">
    <EnumValue Name="false"/>
    <EnumValue Name="Static"/>
    <EnumValue Name="Dynamic"/>
  </EnumProperty>
  <EnumProperty Name="UseOfAtl" Visible="false">
    <EnumValue Name="false"/>
    <EnumValue Name="Static"/>
    <EnumValue Name="Dynamic"/>
  </EnumProperty>
  <EnumProperty Name="CharacterSet" Visible="false">
    <EnumValue Name="NotSet"/>
    <EnumValue Name="Unicode"/>
    <EnumValue Name="MultiByte"/>
  </EnumProperty>
  <StringProperty Name="PlatformToolset" Visible="False"/>
  <StringProperty Name="TargetFrameworkMoniker" Visible="false"/>
  <StringProperty Name="TargetPath" Visible="False"/>
  <StringProperty Name="MSBuildProjectDirectory" Visible="false"/>
  <StringProperty Name="PackageAction" Visible="false" Description="プロジェクトをパッケージ化するときに使用する MSBuild ターゲットです。"/>
  <StringProperty Name="DefaultContentType" Visible="false" Description="ファイルを追加するときに使用する既定のコンテンツ タイプ名です。"/>
  <StringProperty Name="VCInstallDir" Visible="false"/>
  <StringProperty Name="VCIDEInstallDir" Visible="false"/>
  <StringProperty Name="VSInstallDir" Visible="false"/>
  <StringProperty Name="Platform" Visible="false"/>
  <StringProperty Name="Configuration" Visible="false"/>
  <StringProperty Name="DebuggerSymbolsPath" Visible="false"/>
  <BoolProperty Name="WindowsAppContainer" Visible="false"/>
  <StringProperty Name="TargetPlatformVersion" Visible="false"/>
  <BoolProperty Name="UseDebugLibraries" Visible="false"/>
  <BoolProperty Name="EnableManagedIncrementalBuild" Visible="false"/>
  <StringProperty Name="AssemblySearchPaths" Visible="false"/>
  <StringProperty Name="DefaultPlatformToolset" Visible="false"/>
  <BoolProperty Name="EnableDesignTimeBuild" Visible="false"/>
  <BoolProperty Name="AppContainerApplication" Visible="false"/>
  <EnumProperty Name="TargetRuntime" Visible="false">
    <EnumValue Name="Managed"/>
    <EnumValue Name="Native"/>
    <EnumValue Name="AppHost" DisplayName="Windows アプリケーション"/>
  </EnumProperty>
</Rule>
