<?xml version="1.0" encoding="utf-8"?>
<!--Copyright, Microsoft Corporation, All rights reserved.-->
<Rule Name="ConfigurationGeneral" DisplayName="全般" PageTemplate="generic" Description="全般" xmlns="http://schemas.microsoft.com/build/2009/properties">
  <Rule.Categories>
    <Category Name="General" DisplayName="全般" Description="全般"/>
  </Rule.Categories>
  <Rule.DataSource>
    <DataSource Persistence="ProjectFile" Label="Configuration"/>
  </Rule.DataSource>
  <StringProperty Name="OutDir" DisplayName="出力ディレクトリ" Description="出力ファイル ディレクトリへの相対パスを指定します。環境変数を含めることができます。" Category="General" Default="$(SolutionDir)$(ConfigurationName)" Subtype="folder" F1Keyword="VC.Project.VCConfiguration.OutputDirectory">
                  <StringProperty.DataSource>
                     <DataSource Persistence="ProjectFile" Label=""/>
                  </StringProperty.DataSource>
  </StringProperty>
  <StringProperty Name="IntDir" DisplayName="中間ディレクトリ" Description="中間ファイル ディレクトリへの相対パスを指定します。環境変数を含めることができます。" Category="General" Default="$(ConfigurationName)" Subtype="folder" F1Keyword="VC.Project.VCConfiguration.IntermediateDirectory">
                  <StringProperty.DataSource>
                     <DataSource Persistence="ProjectFile" Label=""/>
                  </StringProperty.DataSource>
  </StringProperty>
  <EnumProperty Name="CLRSupport" DisplayName="共通言語ランタイム サポート" Description="コードで使用する共通言語ランタイム サポートを選択します。" Category="General" F1Keyword="VC.Project.VCConfiguration.ManagedExtensions">
    <EnumValue Name="false" DisplayName="共通言語ランタイム サポートを使用しない" Description="共通言語ランタイム サポートを使用しません"/>
    <EnumValue Name="true" Switch="clr" DisplayName="共通言語ランタイム サポート" Description="アプリケーションのメタデータを作成して、他の CLR アプリケーションで使用できるようにします。また、アプリケーションで、他の CLR コンポーネントのメタデータの型およびデータを使用できるようにします。"/>
    <EnumValue Name="Pure" Switch="clr:pure" DisplayName="純粋 MSIL 共通言語ランタイム サポート" Description="ネイティブの実行可能コードを含まない、MSIL のみの出力ファイルを作成します。ただし、MSIL にコンパイルされたネイティブ型を含めることはできます。"/>
    <EnumValue Name="Safe" Switch="clr:safe" DisplayName="安全な MSIL 共通言語ランタイム サポート" Description="ネイティブの実行可能コードを含まない MSIL のみの、検証可能な出力ファイルを作成します。"/>
  </EnumProperty>
  <StringProperty Name="BuildLogFile" DisplayName="ビルド ログ ファイル" Description="ビルドのログが有効になっている場合に、書き込むビルド ログ ファイルを指定します。" F1Keyword="VC.Project.VCConfiguration.BuildLogFile" Category="General" Default="$(ProjectDir)\$(MSBuildProjectName).log" Subtype="file">
    <StringProperty.DataSource>
      <DataSource Persistence="ProjectFile" ItemType="BuildLog" PersistedName="Path"/>
    </StringProperty.DataSource>
  </StringProperty>
  <StringProperty Name="_ProjectFileVersion" DisplayName="プロジェクト ファイルのバージョン" Description="このプロジェクト ファイルの作成に使用する変換ツールのバージョンを指定します。" Category="General" Visible="false">
    <StringProperty.DataSource>
      <DataSource Persistence="ProjectFile"/>
    </StringProperty.DataSource>
  </StringProperty>
  <DynamicEnumProperty Name="TargetFrameworkMoniker" DisplayName="ターゲット フレームワーク モニカー" EnumProvider="TargetFrameworkMoniker" Visible="false"/>
</Rule>
