<?xml version="1.0" encoding="utf-8"?>
<!--Copyright, Microsoft Corporation, All rights reserved.-->
<Rule Name="CL" DisplayName="全般" PageTemplate="generic" Description="全般" SwitchPrefix="/" xmlns="http://schemas.microsoft.com/build/2009/properties">
  <Rule.Categories>
    <Category Name="General" DisplayName="全般" Description="全般"/>
  </Rule.Categories>
  <Rule.DataSource>
    <DataSource Persistence="ProjectFile" ItemType="ClCompile" Label="" HasConfigurationCondition="false"/>
  </Rule.DataSource>
  <StringListProperty Name="AdditionalIncludeDirectories" DisplayName="インクルードの検索パス" Description="インクルード パスに追加するディレクトリを指定します。複数指定する場合には、セミコロンで区切ってください。(/I[path])" F1Keyword="VC.Project.VCCLCompilerTool.AdditionalIncludeDirectories" Switch="I" Category="General" Subtype="folder"/>
  <StringListProperty Name="ForcedIncludeFiles" DisplayName="必ず使用されるインクルード ファイル" Description="1 つ以上の強制インクルード ファイルです。(/FI[name])" Category="General" Switch="FI" F1Keyword="VC.Project.VCCLCompilerTool.ForcedIncludeFiles" Subtype="file"/>
  <StringListProperty Name="PreprocessorDefinitions" DisplayName="プリプロセッサの定義" Description="ソース ファイルのプリプロセッサ シンボルを定義します。(/D[macro])" Category="General" Switch="D" F1Keyword="VC.Project.VCCLCompilerTool.PreprocessorDefinitions">
  </StringListProperty>
  <StringListProperty Name="UndefinePreprocessorDefinitions" DisplayName="指定したプリプロセッサ定義の無効化" Description="特定のプリプロセッサの定義を無効にします。複数指定できます。(/U[マクロ])" Category="General" Switch="U" F1Keyword="VC.Project.VCCLCompilerTool.UndefinePreprocessorDefinitions">
  </StringListProperty>
</Rule>
