<?xml version="1.0" encoding="utf-8"?>
<!--Copyright, Microsoft Corporation, All rights reserved.-->
<Rule Name="LIB" PageTemplate="tool" DisplayName="ライブラリアン" SwitchPrefix="/" Order="40" xmlns="http://schemas.microsoft.com/build/2009/properties" xmlns:x="http://schemas.microsoft.com/winfx/2006/xaml" xmlns:sys="clr-namespace:System;assembly=mscorlib">
  <Rule.Categories>
    <Category Name="General" DisplayName="全般"/>
    <Category Name="All Options" DisplayName="すべてのオプション" Subtype="Search"/>
    <Category Name="Command Line" DisplayName="コマンド ライン" Subtype="CommandLine"/>
  </Rule.Categories>
  <Rule.DataSource>
    <DataSource Persistence="ProjectFile" ItemType="Lib" Label="" HasConfigurationCondition="true"/>
  </Rule.DataSource>
  <StringProperty Subtype="file" Name="OutputFile" DisplayName="出力ファイル" Description="/OUT オプションを使用すると、lib によって作成されるプログラムの既定の名前と場所がオーバーライドされます。" Category="General" Switch="OUT" Separator=":" F1Keyword="VC.Project.VCLibrarianTool.OutputFile">
  </StringProperty>
  <StringListProperty Subtype="file" Name="AdditionalDependencies" DisplayName="追加の依存ファイル" Description="リンク コマンド ラインに追加する項目を指定します。 (例: kernel32.lib) " Category="General" F1Keyword="VC.Project.VCLibrarianTool.AdditionalDependencies">
  </StringListProperty>
  <StringListProperty Subtype="folder" Name="AdditionalLibraryDirectories" DisplayName="追加のライブラリ ディレクトリ" Description="環境のライブラリ パスをユーザーがオーバーライドできるようにします。" Category="General" Switch="LIBPATH:" F1Keyword="VC.Project.VCLibrarianTool.AdditionalLibraryDirectories">
  </StringListProperty>
  <BoolProperty Name="SuppressStartupBanner" DisplayName="著作権情報の非表示" Description="/NOLOGO オプションを指定すると、著作権のメッセージとバージョン番号が表示されなくなります。" Category="General" Switch="NOLOGO" F1Keyword="VC.Project.VCLibrarianTool.SuppressStartupBanner">
  </BoolProperty>
  <StringProperty Subtype="file" Name="ModuleDefinitionFile" DisplayName="モジュール定義のファイル名" Description="/DEF オプションを使用すると、モジュール定義ファイル (.def) がライブラリアンに渡されます。LIB に対して指定できる .def ファイルは 1 つだけです。" Category="General" Switch="DEF" Separator=":" F1Keyword="VC.Project.VCLibrarianTool.ModuleDefinitionFile">
  </StringProperty>
  <BoolProperty Name="IgnoreAllDefaultLibraries" DisplayName="すべての既定のライブラリの無視" Description="/NODEFAULTLIB オプションを使用すると、外部参照の解決時に検索するライブラリ リストに記載されている 1 つ以上の既定のライブラリを削除するように lib を設定します。" Category="General" Switch="NODEFAULTLIB" F1Keyword="VC.Project.VCLibrarianTool.IgnoreAllDefaultLibraries">
  </BoolProperty>
  <StringListProperty Subtype="file" Name="IgnoreSpecificDefaultLibraries" DisplayName="特定の既定のライブラリを無視" Description="lib による外部参照の解決時に無視するライブラリ。" Category="General" Switch="NODEFAULTLIB:" F1Keyword="VC.Project.VCLibrarianTool.IgnoreDefaultLibraryNames">
  </StringListProperty>
  <StringListProperty Name="ExportNamedFunctions" DisplayName="関数のエクスポート" Description="指定された関数をエクスポートします。" Category="General" Switch="EXPORT:" F1Keyword="VC.Project.VCLibrarianTool.ExportNamedFunctions">
  </StringListProperty>
  <StringProperty Name="ForceSymbolReferences" DisplayName="シンボル参照の強制" Description="このシンボルへの参照を必ず含めるように Lib を設定します。" Category="General" Switch="INCLUDE" Separator=":" F1Keyword="VC.Project.VCLibrarianTool.ForceSymbolReferences">
  </StringProperty>
  <BoolProperty Name="UseUnicodeResponseFiles" DisplayName="UNICODE 応答ファイルの使用" Description="UNICODE 応答ファイルの使用: ライブラリアンを生成するときに UNICODE 応答ファイルを生成するようにプロジェクト システムに指示します。プロジェクトのファイルが UNICODE パスを持っている場合、このプロパティを 'Yes' に設定します。" Category="General" IncludeInCommandLine="false" F1Keyword="VC.Project.VCLibrarianTool.UseUnicodeResponseFiles">
  </BoolProperty>
  <BoolProperty Name="LinkLibraryDependencies" DisplayName="ライブラリ依存関係のリンク" Description="プロジェクト依存関係からのライブラリ出力を自動的にリンクするかどうかを指定します。" Category="General" IncludeInCommandLine="false" F1Keyword="VC.Project.VCLibrarianTool.LinkLibraryDependencies">
    <BoolProperty.DataSource>
      <DataSource Persistence="ProjectFile" ItemType="ProjectReference" Label="" HasConfigurationCondition="true"/>
    </BoolProperty.DataSource>
  </BoolProperty>
  <EnumProperty Name="ErrorReporting" DisplayName="エラー報告" Description="内部コンパイル エラー (ICE) 情報をマイクロソフトに直接報告できます。" Category="General" F1Keyword="VC.Project.VCLibrarianTool.ErrorReporting">
    <EnumValue Name="PromptImmediately" Switch="ERRORREPORT:PROMPT" DisplayName="すぐにメッセージを表示" Description="すぐにメッセージを表示します。">
    </EnumValue>
    <EnumValue Name="QueueForNextLogin" Switch="ERRORREPORT:QUEUE" DisplayName="次回ログインのためのキュー" Description="次回ログインのためのキューです。">
    </EnumValue>
    <EnumValue Name="SendErrorReport" Switch="ERRORREPORT:SEND" DisplayName="エラー報告の送信" Description="エラー報告を送信します。">
    </EnumValue>
    <EnumValue Name="NoErrorReport" Switch="ERRORREPORT:NONE" DisplayName="エラー報告なし" Description="エラー報告を行いません。">
    </EnumValue>
  </EnumProperty>
  <StringProperty Name="DisplayLibrary" DisplayName="標準出力へのライブラリの表示" Description="出力ライブラリに関する情報を標準出力に表示します。この出力はファイルにリダイレクトできます。/LIST を使用すると、既存のライブラリのコンテンツを変更せずに確認できます。" Category="General" Switch="LIST" Separator=":" Visible="false">
  </StringProperty>
  <BoolProperty ReverseSwitch="WX:NO" Name="TreatLibWarningAsErrors" DisplayName="Lib の警告をエラーとして扱う" Description="/WX を使用すると、lib で警告が発生した場合に出力ファイルが生成されません。" Category="General" Switch="WX" F1Keyword="VC.Project.VCLibrarianTool.TreatLibWarningsAsErrors">
  </BoolProperty>
  <EnumProperty Name="TargetMachine" DisplayName="対象コンピューター" Description="/MACHINE オプションは、プログラムのターゲット プラットフォームを指定します。" Category="General" F1Keyword="VC.Project.VCLibrarianTool.TargetMachine">
    <EnumValue Name="MachineARM" Switch="MACHINE:ARM" DisplayName="MachineARM" Description="MachineARM">
    </EnumValue>
    <EnumValue Name="MachineARM64" Switch="MACHINE:ARM64" DisplayName="MachineARM64" Description="MachineARM64">
    </EnumValue>
    <EnumValue Name="MachineEBC" Switch="MACHINE:EBC" DisplayName="MachineEBC" Description="MachineEBC">
    </EnumValue>
    <EnumValue Name="MachineIA64" Switch="MACHINE:IA64" DisplayName="MachineIA64" Description="MachineIA64">
    </EnumValue>
    <EnumValue Name="MachineMIPS" Switch="MACHINE:MIPS" DisplayName="MachineMIPS" Description="MachineMIPS">
    </EnumValue>
    <EnumValue Name="MachineMIPS16" Switch="MACHINE:MIPS16" DisplayName="MachineMIPS16" Description="MachineMIPS16">
    </EnumValue>
    <EnumValue Name="MachineMIPSFPU" Switch="MACHINE:MIPSFPU" DisplayName="MachineMIPSFPU" Description="MachineMIPSFPU">
    </EnumValue>
    <EnumValue Name="MachineMIPSFPU16" Switch="MACHINE:MIPSFPU16" DisplayName="MachineMIPSFPU16" Description="MachineMIPSFPU16">
    </EnumValue>
    <EnumValue Name="MachineSH4" Switch="MACHINE:SH4" DisplayName="MachineSH4" Description="MachineSH4">
    </EnumValue>
    <EnumValue Name="MachineTHUMB" Switch="MACHINE:THUMB" DisplayName="MachineTHUMB" Description="MachineTHUMB">
    </EnumValue>
    <EnumValue Name="MachineX64" Switch="MACHINE:X64" DisplayName="MachineX64" Description="MachineX64">
    </EnumValue>
    <EnumValue Name="MachineX86" Switch="MACHINE:X86" DisplayName="MachineX86" Description="MachineX86">
    </EnumValue>
  </EnumProperty>
  <EnumProperty Name="SubSystem" DisplayName="サブシステム" Description="/SUBSYSTEM オプションは、オペレーティング システムに .exe ファイルの実行方法を指定します。サブシステムの選択によって、リンカーが選択するエントリ ポイント シンボル (またはエントリ ポイント関数) が影響を受けます。" Category="General" F1Keyword="VC.Project.VCLibrarianTool.SubSystem">
    <EnumProperty.Arguments>
      <Argument Property="MinimumRequiredVersion" IsRequired="false"/>
    </EnumProperty.Arguments>
    <EnumValue Name="Console" Switch="SUBSYSTEM:CONSOLE" DisplayName="コンソール" Description="Win32 文字モード アプリケーション。コンソール アプリケーションには、オペレーティング システムによってコンソールが提供されます。main または wmain が定義されている場合は、CONSOLE が既定値です。">
    </EnumValue>
    <EnumValue Name="Windows" Switch="SUBSYSTEM:WINDOWS" DisplayName="Windows" Description="アプリケーション自体がユーザーとの対話に必要なウィンドウをおそらく作成するため、コンソールは不要です。WinMain または wWinMain が定義されている場合は、WINDOWS が既定値です。">
    </EnumValue>
    <EnumValue Name="Native" Switch="SUBSYSTEM:NATIVE" DisplayName="ネイティブ" Description="Windows NT のデバイス ドライバーに対して使用します。/DRIVER:WDM が指定されている場合、既定値は NATIVE です。">
    </EnumValue>
    <EnumValue Name="EFI Application" Switch="SUBSYSTEM:EFI_APPLICATION" DisplayName="EFI アプリケーション" Description="EFI アプリケーション。">
    </EnumValue>
    <EnumValue Name="EFI Boot Service Driver" Switch="SUBSYSTEM:EFI_BOOT_SERVICE_DRIVER" DisplayName="EFI ブート サービス ドライバー" Description="EFI ブート サービス ドライバー。">
    </EnumValue>
    <EnumValue Name="EFI ROM" Switch="SUBSYSTEM:EFI_ROM" DisplayName="EFI ROM" Description="EFI ROM。">
    </EnumValue>
    <EnumValue Name="EFI Runtime" Switch="SUBSYSTEM:EFI_RUNTIME_DRIVER" DisplayName="EFI ランタイム" Description="EFI ランタイム。">
    </EnumValue>
    <EnumValue Name="WindowsCE" Switch="SUBSYSTEM:WINDOWSCE" DisplayName="WindowsCE" Description="Windows CE デバイスで実行するアプリケーションです。">
    </EnumValue>
    <EnumValue Name="POSIX" Switch="SUBSYSTEM:POSIX" DisplayName="POSIX" Description="Windows NT 上の POSIX サブシステムで実行するアプリケーションです。">
    </EnumValue>
  </EnumProperty>
  <StringProperty Name="MinimumRequiredVersion" DisplayName="最低限必要なバージョン" Description="サブシステムに最低限必要なバージョンを指定します。引数は 0 ～ 65,535 の範囲の 10 進数です。" Category="General" Separator=",">
  </StringProperty>
  <StringListProperty Subtype="file" Name="RemoveObjects" DisplayName="オブジェクトの削除" Description="指定したオブジェクトを出力ライブラリから削除します。LIB は、(オブジェクト ファイルおよびライブラリ内のオブジェクトを含めて) すべてのオブジェクトを組み合わせて出力ライブラリを作成してから、/REMOVE で指定されたオブジェクトを削除します。" Category="General" Switch="REMOVE:" F1Keyword="VC.Project.VCLibrarianTool.RemoveObjects">
  </StringListProperty>
  <BoolProperty Name="Verbose" DisplayName="詳細" Description="詳細" Category="General" Switch="VERBOSE" F1Keyword="VC.Project.VCLibrarianTool.Verbose">
  </BoolProperty>
  <StringProperty Subtype="file" Name="Name" DisplayName="名前" Description="インポート ライブラリの作成時に、インポート ライブラリを作成する DLL の名前を指定します。" Category="General" Switch="NAME:" F1Keyword="VC.Project.VCLibrarianTool.Name">
  </StringProperty>
  <BoolProperty Name="LinkTimeCodeGeneration" DisplayName="リンク時のコード生成" Description="リンク時のコード生成を指定します。" Category="General" Switch="LTCG" F1Keyword="VC.Project.VCLibrarianTool.LinkTimeCodeGeneration">
  </BoolProperty>
  <StringProperty Name="AdditionalOptions" DisplayName="その他のオプション" Description="追加オプション。" Category="Command Line" F1Keyword="vc.project.AdditionalOptionsPage">
  </StringProperty>
  <StringProperty Subtype="folder" Name="TrackerLogDirectory" DisplayName="トラッカー ログのディレクトリ" Description="トラッカー ログのディレクトリです。" IncludeInCommandLine="false" Visible="false">
  </StringProperty>
</Rule>
