<?xml version="1.0" encoding="utf-8"?>
<!--Copyright, Microsoft Corporation, All rights reserved.-->
<Rule Name="Mt" PageTemplate="tool" DisplayName="マニフェスト ツール" SwitchPrefix="/" Order="30" xmlns="http://schemas.microsoft.com/build/2009/properties" xmlns:x="http://schemas.microsoft.com/winfx/2006/xaml" xmlns:sys="clr-namespace:System;assembly=mscorlib">
  <Rule.Categories>
    <Category Name="General" DisplayName="全般"/>
    <Category Name="Input and Output" DisplayName="入出力"/>
    <Category Name="Isolated COM" DisplayName="分離された COM"/>
    <Category Name="Advanced" DisplayName="詳細設定"/>
    <Category Name="All Options" DisplayName="すべてのオプション" Subtype="Search"/>
    <Category Name="Command Line" DisplayName="コマンド ライン" Subtype="CommandLine"/>
  </Rule.Categories>
  <Rule.DataSource>
    <DataSource Persistence="ProjectFile" ItemType="Manifest" Label="" HasConfigurationCondition="true"/>
  </Rule.DataSource>
  <BoolProperty Name="SuppressStartupBanner" DisplayName="著作権情報の非表示" Description="標準の Microsoft 著作権情報を表示せずに実行します。(-nologo)" Category="General" Switch="nologo" F1Keyword="VC.Project.VCManifestTool.SuppressStartupBanner">
  </BoolProperty>
  <BoolProperty Name="VerboseOutput" DisplayName="詳細出力" Description="マニフェストの生成中に追加情報を表示します。(-verbose)" Category="General" Switch="verbose" F1Keyword="VC.Project.VCManifestTool.VerboseOutput">
  </BoolProperty>
  <StringProperty Name="AssemblyIdentity" DisplayName="アセンブリ ID" Description="この ID 文字列には assemblyIdentity 要素の属性を指定します。(-identity:[ID 文字列])" Category="General" Switch="identity:" F1Keyword="VC.Project.VCManifestTool.AssemblyIdentity">
  </StringProperty>
  <StringListProperty CommandLineValueSeparator=" " Subtype="file" Name="AdditionalManifestFiles" DisplayName="追加のマニフェスト ファイル" Description="処理する必要のあるマニフェストを指定するために使用します。(-manifest [マニフェスト 1] [マニフェスト 2] ...)" Category="Input and Output" Switch="manifest" Separator=" " F1Keyword="VC.Project.VCManifestTool.AdditionalManifestFiles">
  </StringListProperty>
  <StringProperty Name="InputResourceManifests" DisplayName="入力リソース マニフェスト" Description="指定した ID を持つ型 RT_MANIFEST のリソースからマニフェストを入力します。(-inputresource:[ファイル];#[リソース ID])" Category="Input and Output" Switch="inputresource:" F1Keyword="VC.Project.VCManifestTool.InputResourceManifests">
  </StringProperty>
  <BoolProperty Name="EmbedManifest" DisplayName="埋め込みマニフェスト" Description="マニフェスト ファイルをアセンブリに埋め込むか、スタンドアロン ファイルとして作成するかを指定します。" Category="Input and Output" IncludeInCommandLine="false" F1Keyword="VC.Project.VCManifestTool.EmbedManifest">
    <BoolProperty.DataSource>
      <DataSource Persistence="ProjectFile" ItemType="" Label="" HasConfigurationCondition="true"/>
    </BoolProperty.DataSource>
  </BoolProperty>
  <StringProperty Subtype="file" Name="OutputManifestFile" DisplayName="出力マニフェスト ファイル" Description="指定した ID を持つ型 RT_MANIFEST のリソースにマニフェストを出力します。(-out:[ファイル];#[リソース ID])" Category="Input and Output" Switch="out:" F1Keyword="VC.Project.VCManifestTool.OutputManifestFile">
  </StringProperty>
  <StringProperty Subtype="file" Name="ResourceOutputFileName" DisplayName="マニフェスト リソース ファイル" Description="マニフェストをプロジェクト出力に埋め込むために使用する出力リソース ファイルを指定します。" Category="Input and Output" F1Keyword="VC.Project.VCManifestTool.ResourceOutputFileName">
    <StringProperty.DataSource>
      <DataSource Persistence="ProjectFile" ItemType="ManifestResourceCompile" Label="" HasConfigurationCondition="true"/>
    </StringProperty.DataSource>
  </StringProperty>
  <BoolProperty Name="GenerateCatalogFiles" DisplayName="カタログ ファイルの生成" Description=".cdf ファイルを生成してカタログを作成します。(/makecdfs)" Category="Input and Output" Switch="makecdfs" F1Keyword="VC.Project.VCManifestTool.GenerateCatalogFiles">
  </BoolProperty>
  <StringProperty Subtype="file" Name="DependencyInformationFile" DisplayName="依存関係情報ファイル" Description="Visual Studio によってマニフェスト ツールのビルドの依存関係情報の管理に使用される依存関係情報ファイルを指定します。" Category="Input and Output" Visible="false" F1Keyword="VC.Project.VCManifestTool.DependencyInformationFile">
  </StringProperty>
  <StringProperty Name="OutputResourceManifests" DisplayName="リソース マニフェストの出力" Description="指定した ID を持つ型 RT_MANIFEST のリソースにマニフェストを出力します。resource_id には、負ではない 16 ビットの数値のみを指定できます。(-outputresource:ファイル[;[#]resource_id])" Category="Input and Output" Switch="outputresource:" Visible="false" F1Keyword="VC.Project.VCManifestTool.OutputResourceManifest">
  </StringProperty>
  <StringProperty Subtype="file" Name="ManifestFromManagedAssembly" DisplayName="ManagedAssembly からのマニフェストの生成" Description="マネージド アセンブリからマニフェストを生成します。(-managedassemblyname:[ファイル])" Category="Input and Output" Switch="managedassemblyname:" F1Keyword="VC.Project.VCManifestTool.ManifestFromManagedAssembly">
  </StringProperty>
  <BoolProperty Name="SuppressDependencyElement" DisplayName="依存要素を作成しない" Description="-managedassembly と組み合わせて使用します。最終マニフェストで依存要素が生成されないようにします。(-nodependency)" Category="Input and Output" Switch="nodependency" F1Keyword="VC.Project.VCManifestTool.SuppressDependencyElement">
  </BoolProperty>
  <BoolProperty Name="GenerateCategoryTags" DisplayName="カタログ タグの生成" Description="-managedassembly と組み合わせて使用します。-category を使用すると、カテゴリ タグが生成されます。(-category)" Category="Input and Output" Switch="category" F1Keyword="VC.Project.VCManifestTool.GenerateCategoryTags">
  </BoolProperty>
  <EnumProperty Name="EnableDpiAwareness" DisplayName="DPI 認識" Description="アプリケーションで DPI が認識されることを示す情報をマニフェストに追加します。" Category="Input and Output" F1Keyword="VC.Project.VCManifestTool.EnableDPIAwareness">
    <EnumValue Name="false" Switch="" DisplayName="なし" Description="">
    </EnumValue>
    <EnumValue Name="true" Switch="" DisplayName="高い DPI 認識" Description="">
    </EnumValue>
    <EnumValue Name="PerMonitorHighDPIAware" Switch="" DisplayName="モニターごとの高い DPI 認識" Description="">
    </EnumValue>
  </EnumProperty>
  <StringProperty Subtype="file" Name="TypeLibraryFile" DisplayName="タイプ ライブラリ ファイル" Description="regfree COM マニフェスト サポートに対して使用されるタイプ ライブラリを指定します。(-tlb:[ファイル])" Category="Isolated COM" Switch="tlb:" F1Keyword="VC.Project.VCManifestTool.TypeLibraryFile">
  </StringProperty>
  <StringProperty Subtype="file" Name="RegistrarScriptFile" DisplayName="レジスタ スクリプト ファイル" Description="regfree COM マニフェスト サポートに対して使用されるレジスタ スクリプト ファイルを指定します。(-rgs:[ファイル])" Category="Isolated COM" Switch="rgs:" F1Keyword="VC.Project.VCManifestTool.RegistrarScriptFile">
  </StringProperty>
  <StringProperty Subtype="file" Name="ComponentFileName" DisplayName="コンポーネント ファイル名" Description="指定した .tlb または .rgs から作成されるコンポーネントのファイル名を指定します。(-dll:[ファイル])" Category="Isolated COM" Switch="dll:" F1Keyword="VC.Project.VCManifestTool.ComponentFileName">
  </StringProperty>
  <StringProperty Subtype="file" Name="ReplacementsFile" DisplayName="置換ファイル" Description="RGS ファイルで置換できる文字列の値を格納するファイルを指定します。(replacements:[ファイル])" Category="Isolated COM" Switch="replacements:" F1Keyword="VC.Project.VCManifestTool.ReplacementsFile">
  </StringProperty>
  <BoolProperty Name="UpdateFileHashes" DisplayName="ファイル ハッシュの更新" Description="ファイル要素で指定されたファイルのハッシュを計算し、ハッシュ属性をこの値により更新します。(hashupdate:[パス])" Category="Advanced" Switch="hashupdate" F1Keyword="VC.Project.VCManifestTool.UpdateFileHashes">
    <Argument Property="UpdateFileHashesSearchPath" IsRequired="false"/>
  </BoolProperty>
  <StringProperty Subtype="file" Name="UpdateFileHashesSearchPath" DisplayName="ファイル ハッシュの更新の検索パス" Description="ファイル ハッシュの更新時に使用する検索パスを指定します。" Category="Advanced" Separator=":" F1Keyword="VC.Project.VCManifestTool.UpdateFileHashesSearchPath">
  </StringProperty>
  <StringProperty Name="AdditionalOptions" DisplayName="その他のオプション" Description="その他のオプション" Category="Command Line" F1Keyword="vc.project.AdditionalOptionsPage">
  </StringProperty>
  <StringProperty Subtype="folder" Name="TrackerLogDirectory" DisplayName="トラッカー ログのディレクトリ" Description="トラッカー ログのディレクトリです。" IncludeInCommandLine="false" Visible="false">
  </StringProperty>
</Rule>
