<?xml version="1.0" encoding="utf-8"?>
<!--Copyright, Microsoft Corporation, All rights reserved.-->
<Rule Name="ConfigurationNMake" DisplayName="NMake" PageTemplate="generic" Description="NMake" SwitchPrefix="/" Order="100" xmlns="http://schemas.microsoft.com/build/2009/properties">
  <Rule.Categories>
    <Category Name="General" DisplayName="全般" Description="全般"/>
    <Category Name="IntelliSense" DisplayName="IntelliSense" Description="IntelliSense"/>
  </Rule.Categories>
  <Rule.DataSource>
    <DataSource Persistence="ProjectFile"/>
  </Rule.DataSource>
  <StringProperty Name="NMakeBuildCommandLine" DisplayName="ビルド コマンド ライン" Description="[ビルド] コマンドを実行するためのコマンド ラインを指定します。" IncludeInCommandLine="false" Category="General" F1Keyword="VC.Project.VCNMakeTool.BuildCommandLine">
    <StringProperty.ValueEditors>
      <ValueEditor EditorType="DefaultCommandPropertyEditor" DisplayName="&lt;編集...&gt;"/>
    </StringProperty.ValueEditors>
  </StringProperty>
  <StringProperty Name="NMakeReBuildCommandLine" DisplayName="すべてリビルド コマンド ライン" Description="[すべてリビルド] コマンドを実行するためのコマンド ラインを指定します。" IncludeInCommandLine="false" Category="General" F1Keyword="VC.Project.VCNMakeTool.ReBuildCommandLine">
    <StringProperty.ValueEditors>
      <ValueEditor EditorType="DefaultCommandPropertyEditor" DisplayName="&lt;編集...&gt;"/>
    </StringProperty.ValueEditors>
  </StringProperty>
  <StringProperty Name="NMakeCleanCommandLine" DisplayName="クリーン コマンド ライン" Description="[クリーン] コマンドを実行するためのコマンド ラインを指定します。" IncludeInCommandLine="false" Category="General" F1Keyword="VC.Project.VCNMakeTool.CleanCommandLine">
    <StringProperty.ValueEditors>
      <ValueEditor EditorType="DefaultCommandPropertyEditor" DisplayName="&lt;編集...&gt;"/>
    </StringProperty.ValueEditors>
  </StringProperty>
  <StringProperty Name="NMakeOutput" DisplayName="出力" Description="生成する出力ファイルを指定します。" Category="General" IncludeInCommandLine="false" F1Keyword="VC.Project.VCNMakeTool.Output"/>
  <StringListProperty Name="NMakePreprocessorDefinitions" DisplayName="プリプロセッサの定義" Category="IntelliSense" Switch="D" Description="ソース ファイルで使用されるプリプロセッサの定義を指定します。" F1Keyword="VC.Project.VCNMakeTool.PreprocessorDefinitions"/>
  <StringListProperty Name="NMakeIncludeSearchPath" DisplayName="インクルードの検索パス" Category="IntelliSense" Switch="I" Description="インクルード ファイルの解決に使用されるインクルードの検索パスを指定します。" Subtype="folder" F1Keyword="VC.Project.VCNMakeTool.IncludeSearchPath"/>
  <StringListProperty Name="NMakeForcedIncludes" DisplayName="強制インクルード" Category="IntelliSense" Switch="FI" Description="必ずインクルードされるファイルを指定します。" Subtype="folder" F1Keyword="VC.Project.VCNMakeTool.ForcedIncludes"/>
  <StringListProperty Name="NMakeAssemblySearchPath" DisplayName="アセンブリの検索パス" Category="IntelliSense" Switch="AI" Description="使用された .NET アセンブリを解決するためのアセンブリの検索パスを指定します。" Subtype="folder" F1Keyword="VC.Project.VCNMakeTool.AssemblySearchPath"/>
  <StringListProperty Name="NMakeForcedUsingAssemblies" DisplayName="アセンブリの強制使用" Category="IntelliSense" Switch="FU" Description="ソース ファイルでの使用が強制されているアセンブリを指定します。" F1Keyword="VC.Project.VCNMakeTool.ForcedUsingAssemblies"/>
  <StringProperty Name="AdditionalOptions" DisplayName="その他のオプション" Category="IntelliSense" Description="C++ ファイルの解析時に Intellisense によって使用される追加のコンパイラ スイッチを指定します"/>
</Rule>
