<?xml version="1.0" encoding="utf-8"?>
<!--Copyright, Microsoft Corporation, All rights reserved.-->
<ProjectSchemaDefinitions xmlns="http://schemas.microsoft.com/build/2009/properties">

    <ContentType Name="HLSL" DisplayName="HLSL コンパイラ" ItemType="FxCompile">
    </ContentType>

    <ContentType Name="HLSLHeader" DisplayName="HLSL ヘッダー ファイル" ItemType="None">
    </ContentType>

    <ContentType Name="NoBuildShader" DisplayName="シェーダー" ItemType="None">
    </ContentType>

    <ContentType Name="CppCode" DisplayName="C++ コード" ItemType="ClCompile">
    </ContentType>

    <ContentType Name="CCode" DisplayName="C コード" ItemType="ClCompile">
    </ContentType>

    <ContentType Name="CppHeader" DisplayName="C/C++ ヘッダー" ItemType="ClInclude">
    </ContentType>

    <ContentType Name="CppClass" DisplayName="C++ クラス" ItemType="ClCompile">
    </ContentType>

    <ContentType Name="CppForm" DisplayName="C++ フォーム" ItemType="ClCompile">
    </ContentType>

    <ContentType Name="CppControl" DisplayName="C++ コントロール" ItemType="ClCompile">
    </ContentType>

    <ContentType Name="Text" DisplayName="テキスト ファイル" ItemType="Text">
    </ContentType>

    <ContentType Name="DEF" DisplayName="DEF ファイル" ItemType="None">
    </ContentType>

    <ContentType Name="Midl" DisplayName="Idl ファイル" ItemType="Midl">
    </ContentType>

    <ContentType Name="Makefile" DisplayName="メイクファイル" ItemType="None">
    </ContentType>

    <ContentType Name="RGS" DisplayName="RGS ファイル" ItemType="None">
    </ContentType>

    <ContentType Name="RC" DisplayName="RC ファイル" ItemType="ResourceCompile">
    </ContentType>

    <ContentType Name="RC2" DisplayName="RC2 ファイル" ItemType="None">
    </ContentType>

    <ContentType Name="RES" DisplayName="RES ファイル" ItemType="Resource">
    </ContentType>

    <ContentType Name="XSD" DisplayName="XSD ファイル" ItemType="Xsd">
    </ContentType>

    <ContentType Name="XML" DisplayName="Xml ファイル" ItemType="Xml">
    </ContentType>

    <ContentType Name="HTML" DisplayName="Html ファイル" ItemType="None">
    </ContentType>

    <ContentType Name="CSS" DisplayName="カスケード スタイル シート" ItemType="None">
    </ContentType>

    <ContentType Name="Resx" DisplayName="Resx ファイル" ItemType="EmbeddedResource">
    </ContentType>

    <ContentType Name="Script" DisplayName="スクリプト ファイル" ItemType="None">
    </ContentType>

    <ContentType Name="BSC" DisplayName="Bsc ファイル" ItemType="None">
    </ContentType>

    <ContentType Name="XSX" DisplayName="XSX ファイル" ItemType="None">
    </ContentType>

    <ContentType Name="CppWebService" DisplayName="C++ Web サービス" ItemType="ClInclude">
    </ContentType>

    <ContentType Name="Asax" DisplayName="Asax ファイル" ItemType="None">
    </ContentType>

    <ContentType Name="AspPage" DisplayName="ASP ページ" ItemType="None">
    </ContentType>

    <ContentType Name="Document" DisplayName="ドキュメント" ItemType="None">
    </ContentType>

    <ContentType Name="Discomap" DisplayName="探索ファイル" ItemType="CustomBuild">
    </ContentType>

    <ContentType Name="CSharpFile" DisplayName="C# ファイル" ItemType="None">
    </ContentType>

    <ContentType Name="ClassDiagram" DisplayName="クラス ダイアグラム" ItemType="None">
    </ContentType>

    <ContentType Name="MHT" DisplayName="MHT ファイル" ItemType="None">
    </ContentType>

    <ContentType Name="CUR" DisplayName="カーソル" ItemType="None">
    </ContentType>

    <ContentType Name="Manifest" DisplayName="マニフェスト" ItemType="Manifest">
    </ContentType>

    <ContentType Name="RDLC" DisplayName="RDLC ファイル" ItemType="None">
    </ContentType>

    <ContentType Name="OBJ" DisplayName="オブジェクト ファイル" ItemType="Object">
    </ContentType>

    <ContentType Name="LIB" DisplayName="ライブラリ ファイル" ItemType="Library">
    </ContentType>

    <ContentType Name="RSC" DisplayName="リソース" ItemType="Resource">
    </ContentType>

    <ContentType Name="Licenses" DisplayName="コンパイル済みライセンス" ItemType="_EmbedManagedResourceFile">
    </ContentType>

    <ContentType Name="PageXaml" DisplayName="XAML ページ" ItemType="Page">
        <NameValuePair Name="DependentFileExtensions" Value=".cpp;.h"/>
    </ContentType>

    <ContentType Name="AppXaml" DisplayName="XAML アプリケーション定義" ItemType="ApplicationDefinition">
        <NameValuePair Name="DependentFileExtensions" Value=".cpp;.h"/>
    </ContentType>

    <ContentType Name="PRIResource" DisplayName="PRI リソース" ItemType="PRIResource">
    </ContentType>

    <ContentType Name="Image" DisplayName="イメージ ファイル" ItemType="Image">
    </ContentType>

    <ContentType Name="AppxManifest" DisplayName="アプリケーション パッケージ マニフェスト" ItemType="AppxManifest">
    </ContentType>

    <ContentType Name="PackageLayout" DisplayName="アプリ パッケージ レイアウト" ItemType="PackageLayout">
    </ContentType>

    <ContentType Name="Media" DisplayName="メディア ファイル" ItemType="Media">
    </ContentType>

    <ContentType Name="Font" DisplayName="フォント ファイル" ItemType="Font">
    </ContentType>

    <ContentType Name="Natvis" DisplayName="C++ デバッガー ビジュアル化ファイル" ItemType="Natvis">
    </ContentType>

    <ItemType Name="PRIResource" DisplayName="PRI リソース"/>
    <ItemType Name="AppxManifest" DisplayName="アプリケーション パッケージ マニフェスト"/>
    <ItemType Name="PackageLayout" DisplayName="アプリ パッケージ レイアウト"/>
    <ItemType Name="Page" DisplayName="XAML ページ"/>
    <ItemType Name="ApplicationDefinition" DisplayName="XAML アプリケーション定義"/>
    <ItemType Name="ClCompile" DisplayName="C/C++ コンパイラ"/>
    <ItemType Name="ClInclude" DisplayName="C/C++ ヘッダー"/>
    <ItemType Name="Midl" DisplayName="MIDL ツール"/>
    <ItemType Name="ResourceCompile" DisplayName="リソース コンパイラ"/>
    <ItemType Name="EmbeddedResource" DisplayName="マネージド リソース コンパイラ"/>
    <ItemType Name="Xsd" DisplayName="XML データ ジェネレーター ツール"/>
    <ItemType Name="CustomBuild" DisplayName="カスタム ビルド ツール"/>
    <ItemType Name="None" DisplayName="ビルドに含めない"/>
    <ItemType Name="Resource" DisplayName="リソース"/>
    <ItemType Name="Object" DisplayName="オブジェクト"/>
    <ItemType Name="Library" DisplayName="ライブラリ"/>
    <ItemType Name="Manifest" DisplayName="マニフェスト ツール"/>
    <ItemType Name="_EmbedManagedResourceFile" DisplayName="コンパイル済みマネージド リソース"/>
    <ItemType Name="FxCompile" DisplayName="HLSL コンパイラ"/>
    <ItemType Name="Image" DisplayName="Image"/>
    <ItemType Name="Media" DisplayName="メディア"/>
    <ItemType Name="Xml" DisplayName="XML"/>
    <ItemType Name="Text" DisplayName="テキスト"/>
    <ItemType Name="Font" DisplayName="フォント"/>
    <ItemType Name="Natvis" DisplayName="C++ デバッガー ビジュアル化ファイル"/>
    <ItemType Name="CopyFileToFolders" DisplayName="ファイルをコピーする"/>

    <FileExtension Name=".resw" ContentType="PRIResource"/>
    <FileExtension Name=".resjson" ContentType="PRIResource"/>
    <FileExtension Name=".appxmanifest" ContentType="AppxManifest"/>
    <FileExtension Name=".packagelayout" ContentType="PackageLayout"/>
    <FileExtension Name=".xaml" ContentType="PageXaml"/>
    <FileExtension Name=".cpp" ContentType="CppCode"/>
    <FileExtension Name=".cc" ContentType="CppCode"/>
    <FileExtension Name=".cxx" ContentType="CppCode"/>
    <FileExtension Name=".c" ContentType="CCode"/>

    <FileExtension Name=".h" ContentType="CppHeader"/>
    <FileExtension Name=".hh" ContentType="CppHeader"/>
    <FileExtension Name=".hpp" ContentType="CppHeader"/>
    <FileExtension Name=".hxx" ContentType="CppHeader"/>
    <FileExtension Name=".ipp" ContentType="CppHeader"/>

    <FileExtension Name=".idl" ContentType="Midl"/>
    <FileExtension Name=".odl" ContentType="Midl"/>

    <FileExtension Name=".asax" ContentType="Asax"/>
    <FileExtension Name=".asmx" ContentType="HTML"/>
    <FileExtension Name=".asp" ContentType="AspPage"/>
    <FileExtension Name=".def" ContentType="DEF"/>
    <FileExtension Name=".mk" ContentType="MakeFile"/>
    <FileExtension Name=".mak" ContentType="MakeFile"/>
    <FileExtension Name=".txt" ContentType="Text"/>
    <FileExtension Name=".log" ContentType="Text"/>
    <FileExtension Name=".rgs" ContentType="RGS"/>
    <FileExtension Name=".rc" ContentType="RC"/>
    <FileExtension Name=".rc2" ContentType="RC2"/>
    <FileExtension Name=".res" ContentType="RES"/>
    <FileExtension Name=".resx" ContentType="RESX"/>
    <FileExtension Name=".html" ContentType="HTML"/>
    <FileExtension Name=".htm" ContentType="HTML"/>
    <FileExtension Name=".css" ContentType="CSS"/>
    <FileExtension Name=".cur" ContentType="CUR"/>
    <FileExtension Name=".vbS" ContentType="Script"/>
    <FileExtension Name=".jS" ContentType="Script"/>
    <FileExtension Name=".xml" ContentType="XML"/>
    <FileExtension Name=".xslt" ContentType="XML"/>
    <FileExtension Name=".xsl" ContentType="XML"/>
    <FileExtension Name=".xsd" ContentType="XSD"/>
    <FileExtension Name=".wsdl" ContentType="Discomap"/>
    <FileExtension Name=".disco" ContentType="Discomap"/>
    <FileExtension Name=".discomap" ContentType="Discomap"/>
    <FileExtension Name=".cs" ContentType="CSharpFile"/>
    <FileExtension Name=".bsc" ContentType="BSC"/>
    <FileExtension Name=".mht" ContentType="MHT"/>
    <FileExtension Name=".manifest" ContentType="Manifest"/>
    <FileExtension Name=".rdlc" ContentType="RDLC"/>
    <FileExtension Name=".cd" ContentType="ClassDiagram"/>
    <FileExtension Name=".obj" ContentType="OBJ"/>
    <FileExtension Name=".o" ContentType="OBJ"/>
    <FileExtension Name=".lib" ContentType="LIB"/>
    <FileExtension Name=".so" ContentType="LIB"/>
    <FileExtension Name=".a" ContentType="LIB"/>
    <FileExtension Name=".rsc" ContentType="RSC"/>
    <FileExtension Name=".licenses" ContentType="Licenses"/>

    <FileExtension Name=".fx" ContentType="HLSL"/>
    <FileExtension Name=".hlsl" ContentType="HLSL"/>
    <FileExtension Name=".hlsli" ContentType="HLSLHeader"/>
    <FileExtension Name=".csh" ContentType="HLSL"/>
    <FileExtension Name=".dsh" ContentType="HLSL"/>
    <FileExtension Name=".gsh" ContentType="HLSL"/>
    <FileExtension Name=".hsh" ContentType="HLSL"/>
    <FileExtension Name=".psh" ContentType="HLSL"/>
    <FileExtension Name=".vsh" ContentType="HLSL"/>
    <FileExtension Name=".cshader" ContentType="HLSL"/>
    <FileExtension Name=".dshader" ContentType="HLSL"/>
    <FileExtension Name=".gshader" ContentType="HLSL"/>
    <FileExtension Name=".hshader" ContentType="HLSL"/>
    <FileExtension Name=".pshader" ContentType="HLSL"/>
    <FileExtension Name=".vshader" ContentType="HLSL"/>
    <FileExtension Name=".compute" ContentType="HLSL"/>
    <!--The following shader extensions were added to support colorization of unity shader files. We cannot make them buildable because 
        while unity shaders are very similar to HLSL and colorization works well for them, they are not buildable by the fx compiler. 
        Because Unity includes these as part of projects it creates for VS, we need to make sure they aren't attempted to be built. -->
    <FileExtension Name=".shader" ContentType="NoBuildShader"/>
    <FileExtension Name=".cginc" ContentType="NoBuildShader"/>
    <FileExtension Name=".jpg" ContentType="Image"/>
    <FileExtension Name=".jpe" ContentType="Image"/>
    <FileExtension Name=".jpeg" ContentType="Image"/>
    <FileExtension Name=".jfif" ContentType="Image"/>
    <FileExtension Name=".png" ContentType="Image"/>
    <FileExtension Name=".bmp" ContentType="Image"/>
    <FileExtension Name=".dib" ContentType="Image"/>
    <FileExtension Name=".gif" ContentType="Image"/>
    <FileExtension Name=".ico" ContentType="Image"/>
    <FileExtension Name=".tif" ContentType="Image"/>
    <FileExtension Name=".tiff" ContentType="Image"/>
    <FileExtension Name=".dds" ContentType="Image"/>
    <FileExtension Name=".tga" ContentType="Image"/>

    <FileExtension Name=".mp3" ContentType="Media"/>
    <FileExtension Name=".wav" ContentType="Media"/>
    <FileExtension Name=".mov" ContentType="Media"/>
    <FileExtension Name=".mp4" ContentType="Media"/>
    <FileExtension Name=".wmv" ContentType="Media"/>
    <FileExtension Name=".webm" ContentType="Media"/>

    <FileExtension Name=".ttf" ContentType="Font"/>
    <FileExtension Name=".otf" ContentType="Font"/>
    <FileExtension Name=".compositefont" ContentType="Font"/>
    <FileExtension Name=".natvis" ContentType="Natvis"/>

</ProjectSchemaDefinitions>
