<?xml version="1.0" encoding="utf-8"?>
<!--Copyright, Microsoft Corporation, All rights reserved.-->
<Rule Name="RC" PageTemplate="tool" DisplayName="リソース" SwitchPrefix="/" Order="50" xmlns="http://schemas.microsoft.com/build/2009/properties" xmlns:x="http://schemas.microsoft.com/winfx/2006/xaml" xmlns:sys="clr-namespace:System;assembly=mscorlib">
  <Rule.Categories>
    <Category Name="General" DisplayName="全般"/>
    <Category Name="All Options" DisplayName="すべてのオプション" Subtype="Search"/>
    <Category Name="Command Line" DisplayName="コマンド ライン" Subtype="CommandLine"/>
  </Rule.Categories>
  <Rule.DataSource>
    <DataSource Persistence="ProjectFile" ItemType="ResourceCompile" Label="" HasConfigurationCondition="true"/>
  </Rule.DataSource>
  <StringListProperty Name="PreprocessorDefinitions" DisplayName="プリプロセッサの定義" Description="リソース コンパイラの定義を行います。(/d[マクロ])" Category="General" Switch="D " F1Keyword="VC.Project.VCResourceCompilerTool.PreprocessorDefinitions">
  </StringListProperty>
  <StringListProperty Name="DesigntimePreprocessorDefinitions" DisplayName="デザイン時プリプロセッサ定義" Description="リソース エディター定義。" Category="General" IncludeInCommandLine="false" Visible="false">
  </StringListProperty>
  <StringListProperty Name="UndefinePreprocessorDefinitions" DisplayName="指定したプリプロセッサ定義の無効化" Description="シンボルの定義を解除します。(/u)" Category="General" Switch="u" F1Keyword="VC.Project.VCResourceCompilerTool.UndefineProcessorDefinitions">
  </StringListProperty>
  <DynamicEnumProperty EnumProvider="cultures" Name="Culture" DisplayName="カルチャ" Description="日本語、英語 (米国) などの、リソースで使われているカルチャをリストします。(/l [数値])" Category="General" Switch="l" F1Keyword="VC.Project.VCResourceCompilerTool.Culture">
    <DynamicEnumProperty.ProviderSettings>
      <NameValuePair Name="DisplayNameFormat" Value="{}{1} (0x{0:x})"/>
      <NameValuePair Name="SwitchFormat" Value="{}l 0x{0:x4}"/>
    </DynamicEnumProperty.ProviderSettings>
  </DynamicEnumProperty>
  <StringListProperty Subtype="folder" Name="AdditionalIncludeDirectories" DisplayName="追加のインクルード ディレクトリ" Description="インクルード パスに追加するディレクトリを指定します。複数指定する場合は、セミコロンで区切ってください。(/I[パス])" Category="General" Switch="I" F1Keyword="VC.Project.VCResourceCompilerTool.AdditionalIncludeDirectories">
  </StringListProperty>
  <BoolProperty Name="IgnoreStandardIncludePath" DisplayName="標準インクルード パスの無視" Description="INCLUDE 環境変数で指定されたディレクトリのインクルード ファイルをリソース コンパイラが検索しないようにします。(/X)" Category="General" Switch="X" F1Keyword="VC.Project.VCResourceCompilerTool.IgnoreStandardIncludePath">
  </BoolProperty>
  <BoolProperty Name="ShowProgress" DisplayName="進行状況の表示" Description="進行状況を出力ウィンドウに表示します。(/v)" Category="General" Switch="v" F1Keyword="VC.Project.VCResourceCompilerTool.ShowProgress">
  </BoolProperty>
  <BoolProperty Name="SuppressStartupBanner" DisplayName="著作権情報の非表示" Description="コンパイルの開始時に、著作権情報を表示しません (/nologo)" Category="General" Switch="nologo" F1Keyword="VC.Project.VCResourceCompilerTool.SuppressStartupBanner">
  </BoolProperty>
  <StringProperty Subtype="file" Name="ResourceOutputFileName" DisplayName="リソース ファイル名" Description="リソース ファイル名を指定します (/fo[ファイル])" Category="General" Switch="fo" F1Keyword="VC.Project.VCResourceCompilerTool.ResourceOutputFileName">
  </StringProperty>
  <BoolProperty Name="NullTerminateStrings" DisplayName="Null 終了文字列" Description="ストリング テーブル内のすべての文字列に null を追加します。(/n)" Category="General" Switch="n" F1Keyword="VC.Project.VCResourceCompilerTool.NullTerminateStrings">
  </BoolProperty>
  <StringProperty Name="AdditionalOptions" DisplayName="その他のオプション" Description="その他のオプション" Category="Command Line" F1Keyword="vc.project.AdditionalOptionsPage">
  </StringProperty>
  <StringProperty Subtype="folder" Name="TrackerLogDirectory" DisplayName="トラッカー ログのディレクトリ" Description="トラッカー ログのディレクトリです。" Category="General" IncludeInCommandLine="false" Visible="false">
  </StringProperty>
</Rule>
