<?xml version="1.0" encoding="utf-8"?>
<!--Copyright, Microsoft Corporation, All rights reserved.-->
<Rule Name="Resgen" DisplayName="マネージド リソース" Order="100" PageTemplate="tool" xmlns="http://schemas.microsoft.com/build/2009/properties">
  <Rule.Categories>
    <Category Name="General" DisplayName="全般" Description="全般"/>
  </Rule.Categories>
  <Rule.DataSource>
    <DataSource Persistence="ProjectFile" ItemType="EmbeddedResource" HasConfigurationCondition="true"/>
  </Rule.DataSource>
  <StringProperty Name="LogicalName" DisplayName="リソース論理名" Description="最終アセンブリのリソースの論理名です。" F1Keyword="VC.Project.VCManagedResourceCompilerTool.LogicalName"/>
  <StringProperty Name="OutputFileName" ReadOnly="true" DisplayName="出力ファイル名" Description="この .resx ファイルによって決定する最終出力ファイル名です。" F1Keyword="VC.Project.VCManagedResourceCompilerTool.OutputFileName"/>
  <BoolProperty Name="DefaultLocalizedResources" ReadOnly="true" DisplayName="既定のローカライズされたリソース" Description="この .resx ファイルが既定のリソースまたはサテライト DLL に影響を与えるかどうかを指定します。これはリソース ファイルのファイル名に依存します。" F1Keyword="VC.Project.VCManagedResourceCompilerTool.DefaultLocalizedResources"/>
</Rule>
