<?xml version="1.0" encoding="utf-8"?>
<!--Copyright, Microsoft Corporation, All rights reserved.-->
<Rule Name="CL" OverrideMode="Extend" xmlns="http://schemas.microsoft.com/build/2009/properties">

  <Rule.Categories>
    <Category Name="UnityBuild" DisplayName="Unity ビルド" Description="Unity のビルド オプション"/>
  </Rule.Categories>

  <BoolProperty Name="IncludeInUnityFile" DisplayName="Unity ファイルに組み込む" Description="true に設定すると、ファイルが #included で Unity ファイルに組み込まれます。" Category="UnityBuild" F1Keyword="VC.Project.VCCLCompilerTool.IncludeInUnityFile"/>
  <IntProperty Name="OrderInUnityFile" DisplayName="Unity ファイル内での順序番号" Description="Unity ファイルに組み込まれるファイルは、順序番号を使用して並べ替えられます。" Category="UnityBuild" F1Keyword="VC.Project.VCCLCompilerTool.OrderInUnityFile"/>
  <BoolProperty Name="CombineFilesOnlyFromTheSameFolder" DisplayName="同じフォルダーからのみファイルを結合" Description="[はい] に設定すると、フォルダー内のソース数が [Unity ファイル内の最小ソース数] を超えている場合、1 つの Unity ファイルに同じフォルダーからのファイルだけが格納されます。" Category="UnityBuild" F1Keyword="VC.Project.VCCLCompilerTool.BundleFilesOnlyFromTheSameFolder"/>
  <IntProperty Name="MinFilesInUnityFile" DisplayName="Unity ファイル内の最小ソース数" Description="1 つの Unity ファイルに入れるソースの最小数を指定します。" Category="UnityBuild" F1Keyword="VC.Project.VCCLCompilerTool.MinFilesInUnityFile"/>
  <IntProperty Name="MaxFilesInUnityFile" DisplayName="Unity ファイル内の最大ソース数" Description="1 つの unity ファイル内のソースの最大数を指定します。'0' は無制限を意味します。" Category="UnityBuild" F1Keyword="VC.Project.VCCLCompilerTool.MinFilesInUnityFile"/>
  <IntProperty Name="MinUnityFiles" DisplayName="Unity ファイルの最小数" Description="可能な場合、生成する unity ファイルの最小数を指定します。" Category="UnityBuild" F1Keyword="VC.Project.VCCLCompilerTool.MinUnityFiles"/>
  <StringProperty Name="AddCodeBeforeSourceInclude" DisplayName="インクルード前に追加するコード スニペット" Description="各ソース ファイルを含める前に Unity ファイルに追加するコード スニペットです。次のマクロを使用することができます:
  $$unity_id$$ - 一意の Unity ファイル ハッシュ
  $$file_number$$ - Unity ファイル内のソース ファイル数
  $$file_name$$ - ソース ファイル名
  $$file_path$$ - ソース ファイルの完全なパス
  $$project_name$$ - プロジェクト名" Category="UnityBuild" F1Keyword="VC.Project.VCCLCompilerTool.AddCodeBeforeSourceInclude">
    <StringProperty.ValueEditors>
      <ValueEditor EditorType="DefaultCommandPropertyEditor" DisplayName="&lt;編集...&gt;"/>
    </StringProperty.ValueEditors>
  </StringProperty>
  <StringProperty Name="AddCodeAfterSourceInclude" DisplayName="インクルード後に追加するコード スニペット" Description="各ソース ファイルを含めた後に Unity ファイルに追加するコード スニペットです。次のマクロを使用することができます:
  $$unity_id$$ - 一意の Unity ファイル ハッシュ
  $$file_number$$ - Unity ファイル内のソース ファイル数
  $$file_name$$ - ソース ファイル名
  $$file_path$$ - ソース ファイルの完全なパス
  $$project_name$$ - プロジェクト名" Category="UnityBuild" F1Keyword="VC.Project.VCCLCompilerTool.AddCodeAfterSourceInclude">
    <StringProperty.ValueEditors>
      <ValueEditor EditorType="DefaultCommandPropertyEditor" DisplayName="&lt;編集...&gt;"/>
    </StringProperty.ValueEditors>
  </StringProperty>

  <StringProperty Name="AddCodeBeforeSourceIncludeFromFile" DisplayName="インクルード前に追加するファイル コード スニペット" Description="各ソース ファイルをインクルードする前に Unity ファイルに追加するコード スニペットです。" Category="UnityBuild" Subtype="file" F1Keyword="VC.Project.VCCLCompilerTool.AddCodeBeforeSourceIncludeFromFile"/>

  <StringProperty Name="AddCodeAfterSourceIncludeFromFile" DisplayName="インクルード後に追加するファイル コード スニペット" Description="各ソース ファイルをインクルードした後に Unity ファイルに追加するコード スニペットです。" Category="UnityBuild" Subtype="file" F1Keyword="VC.Project.VCCLCompilerTool.AddCodeBeforeSourceIncludeFromFile"/>

  <StringProperty Name="UnityFilesDirectory" DisplayName="Unity ファイル ディレクトリ" Description="自動的に生成される Unity ファイルを作成するディレクトリ。" Subtype="folder" Category="UnityBuild" F1Keyword="VC.Project.VCCLCompilerTool.UnityFileDirectory"/>
  <BoolProperty Name="CustomUnityFile" DisplayName="カスタム Unity ファイル" Description="カスタム unity ファイルを示します。[はい] に設定すると、unity ファイルは自動的に生成されません。" Category="UnityBuild" F1Keyword="VC.Project.VCCLCompilerTool.CustomUnityFile"/>
</Rule>
