<?xml version="1.0" encoding="utf-8"?>
<!--Copyright, Microsoft Corporation, All rights reserved.-->
<Rule Name="XDCMake" PageTemplate="tool" DisplayName="XML ドキュメント ジェネレーター" SwitchPrefix="/" Order="70" xmlns="http://schemas.microsoft.com/build/2009/properties" xmlns:x="http://schemas.microsoft.com/winfx/2006/xaml" xmlns:sys="clr-namespace:System;assembly=mscorlib">
  <Rule.Categories>
    <Category Name="General" DisplayName="全般"/>
    <Category Name="All Options" DisplayName="すべてのオプション" Subtype="Search"/>
    <Category Name="Command Line" DisplayName="コマンド ライン" Subtype="CommandLine"/>
  </Rule.Categories>
  <Rule.DataSource>
    <DataSource Persistence="ProjectFile" ItemType="Xdcmake" Label="" HasConfigurationCondition="true"/>
  </Rule.DataSource>
  <BoolProperty Name="SlashOld" Category="General" Switch="old" Visible="false">
  </BoolProperty>
  <StringProperty Name="ProjectName" SwitchPrefix="" Category="General" Visible="false">
  </StringProperty>
  <BoolProperty Name="SuppressStartupBanner" DisplayName="著作権情報の非表示" Description="標準の Microsoft 著作権情報を表示せずに実行します。(/nologo)" Category="General" Switch="nologo" F1Keyword="VC.Project.VCXDCMakeTool.SuppressStartupBanner">
  </BoolProperty>
  <StringListProperty Subtype="file" Name="AdditionalDocumentFile" DisplayName="追加ドキュメント ファイル" Description="マージする追加のドキュメント ファイル (.xdc) です。(/Fs:[ファイル])" Category="General" Switch="Fs" F1Keyword="VC.Project.VCXDCMakeTool.AdditionalDocumentFiles">
  </StringListProperty>
  <StringProperty Subtype="file" Name="OutputFile" DisplayName="出力ドキュメント ファイル" Description="既定の出力ファイル名 (既定の名前は最初の .xdc ファイル名) をオーバーライドします (/Fo:[ファイル])" Category="General" Switch="Fo" F1Keyword="VC.Project.VCXDCMakeTool.OutputDocumentFile">
  </StringProperty>
  <BoolProperty Name="DocumentLibraryDependencies" DisplayName="ドキュメント ライブラリの依存関係" Description="True の場合、スタティック ライブラリを出力するプロジェクトの依存関係ファイルに、このプロジェクトの XML ドキュメント ファイルでドキュメントされる XML ドキュメント コメント ファイル (.XDC) が含まれます。" Category="General" IncludeInCommandLine="false" F1Keyword="VC.Project.VCXDCMakeTool.DocumentLibraryDependencies">
  </BoolProperty>
  <StringProperty Name="AdditionalOptions" DisplayName="その他のオプション" Description="その他のオプション" Category="Command Line" F1Keyword="vc.project.AdditionalOptionsPage">
  </StringProperty>
  <StringProperty Subtype="folder" Name="TrackerLogDirectory" DisplayName="トラッカー ログのディレクトリ" Description="トラッカー ログのディレクトリです。" Category="General" IncludeInCommandLine="false" Visible="false">
  </StringProperty>
</Rule>
