<?xml version="1.0" encoding="utf-8"?>
<!--Copyright, Microsoft Corporation, All rights reserved.-->
<Rule Name="AppHostLocalDebugger" DisplayName="ローカル デバッガー" PageTemplate="debugger" Order="100" Description="ローカル デバッガー オプション" xmlns:sys="clr-namespace:System;assembly=mscorlib" xmlns:x="http://schemas.microsoft.com/winfx/2006/xaml" xmlns="http://schemas.microsoft.com/build/2009/properties">

  <Rule.Metadata>
    <sys:Guid x:Key="DebugTargetTypeCommandGuid">FEEA6E9D-77D8-423F-9EDE-3970CBB76125</sys:Guid>
    <sys:UInt32 x:Key="DebugTargetTypeCommandId">0x200</sys:UInt32>
  </Rule.Metadata>
  <Rule.DataSource>
    <DataSource Persistence="UserFile"/>
  </Rule.DataSource>
  <Rule.Categories>
    <Category Name="StartOptions" DisplayName="開始オプション" Description="開始オプション"/>
  </Rule.Categories>
  <BoolProperty Name="DebuggerLaunchApplication" DisplayName="アプリケーションの起動" Category="StartOptions" Description="すぐにアプリケーションを起動するか、待機して実行開始時にアプリケーションをデバッグするかを指定します。"/>
  <EnumProperty Name="DebuggerType" DisplayName="デバッガーの種類" Category="StartOptions" Description="有効にするデバッガーを指定します。[混合] に設定された場合、マネージド コードとネイティブ コードの両方のデバッガーが起動されます。">
    <EnumValue Name="NativeOnly" DisplayName="ネイティブのみ" Description="ネイティブのみ"/>
    <EnumValue Name="ManagedOnly" DisplayName="マネージドのみ" Description="マネージドのみ"/>
    <EnumValue Name="GPUOnly" DisplayName="GPU のみ (C++ AMP)" Description="GPU のみ (C++ AMP)"/>
    <EnumValue Name="Script" DisplayName="スクリプトのみ" Description="スクリプトのみ"/>
    <EnumValue Name="Mixed" DisplayName="混合 (マネージドとネイティブ)" Description="混合 (マネージドとネイティブ)"/>
  </EnumProperty>
  <DynamicEnumProperty Name="GPUDebuggerTargetType" DisplayName="デバッグ アクセラレータの種類" EnumProvider="GPUTargets" Description="GPU コードのデバッグに使用するデバッグ アクセラレータ タイプです (GPU デバッガーがアクティブなときに使用可能)。"/>
  <EnumProperty Name="GPURefDebuggerBreakOnAllThreads" DisplayName="GPU 既定のブレークポイントの動作" Description="GPU デバッガーを中断する頻度を設定します。" F1Keyword="VC.Project.IVCGPURefDebugPageObject.BreakpointBehavior">
    <EnumValue Name="GPURefBreakOncePerWarp" DisplayName="ワープごとに 1 回だけ中断" Description="ワープごとに 1 回だけ中断"/>
    <EnumValue Name="GPURefBreakForCPUThread" DisplayName="各スレッドで中断 (CPU の動作と同じ)" Description="各スレッドで中断 (CPU の動作と同じ)"/>
  </EnumProperty>
</Rule>
