<?xml version="1.0" encoding="utf-8"?>
<!--Copyright, Microsoft Corporation, All rights reserved.-->
<Rule Name="XSD" PageTemplate="tool" DisplayName="XML データ ジェネレーター ツール" SwitchPrefix="/" Order="120" xmlns="http://schemas.microsoft.com/build/2009/properties" xmlns:x="http://schemas.microsoft.com/winfx/2006/xaml" xmlns:sys="clr-namespace:System;assembly=mscorlib">
  <Rule.Categories>
    <Category Name="General" DisplayName="全般"/>
    <Category Name="All Options" DisplayName="すべてのオプション" Subtype="Search"/>
    <Category Name="Command Line" DisplayName="コマンド ライン" Subtype="CommandLine"/>
  </Rule.Categories>
  <Rule.DataSource>
    <DataSource Persistence="ProjectFile" ItemType="Xsd" Label="" HasConfigurationCondition="true"/>
  </Rule.DataSource>
  <BoolProperty Name="SuppressStartupBanner" DisplayName="著作権情報の非表示" Description="標準の Microsoft 著作権情報を表示せずに実行します。(/nologo)" Category="General" Switch="nologo" F1Keyword="VC.Project.VCXMLDataGeneratorTool.SupressStartupBanner">
  </BoolProperty>
  <StringProperty Name="Namespace" DisplayName="名前空間" Description="生成されるクラス ファイルの名前空間です。既定の名前空間はグローバル名前空間です。(/namespace:[文字列])" Category="General" Switch="namespace:" F1Keyword="VC.Project.VCXMLDataGeneratorTool.Namespace">
  </StringProperty>
  <StringProperty Name="Language" DisplayName="言語" Description="生成されるコードで使用される言語です。'CS'、'VB'、'JS'、'VJS'、または 'CPP' から選択するか、System.CodeDom.Compiler.CodeDomProvider を実装するクラスの完全修飾名を指定します。既定の言語は 'CS' (CSharp) です。(/language:[文字列])" Category="General" Switch="language:" Visible="false">
  </StringProperty>
  <EnumProperty Name="GenerateFromSchema" DisplayName="スキーマから生成" Description="スキーマから生成される型です" Category="General" F1Keyword="VC.Project.VCXMLDataGeneratorTool.GenerateFromSchema">
    <EnumValue Name="classes" Switch="classes" DisplayName="Classes" Description="このスキーマのクラスを生成します。(/classes)">
    </EnumValue>
    <EnumValue Name="dataset" Switch="dataset" DisplayName="データセット" Description="このスキーマのサブクラスのデータセットを生成します。(/dataset)">
    </EnumValue>
  </EnumProperty>
  <StringProperty Name="AdditionalOptions" DisplayName="その他のオプション" Description="その他のオプション" Category="Command Line" F1Keyword="vc.project.AdditionalOptionsPage">
  </StringProperty>
  <StringProperty Subtype="folder" Name="TrackerLogDirectory" DisplayName="トラッカー ログのディレクトリ" Description="トラッカー ログのディレクトリです。" Category="General" IncludeInCommandLine="false" Visible="false">
  </StringProperty>
</Rule>
